meeting_date,document_date,document_type,title,source_url,text_path,section_count,release_time,quality_check
01/24/2012,01/25/2012,Policy Statement,Policy Statement,https://www.federalreserve.gov/newsevents/pressreleases/monetary20120125a.htm,data/processed/fed_texts/fomc_minutes_statements/2012-01-25_5d3a7019f6dd.txt,2,17:30:00,False
01/24/2012,02/15/2012,Minutes,Minutes,https://www.federalreserve.gov/monetarypolicy/fomcminutes20120125.htm,data/processed/fed_texts/fomc_minutes_statements/2012-02-15_834d3e6dac11.txt,9,19:00:00,False
01/24/2012,02/15/2012,Summary of Economic Projections,Summary of Economic Projections,https://www.federalreserve.gov/monetarypolicy/fomcminutes20120125ep.htm,data/processed/fed_texts/fomc_minutes_statements/2012-02-15_7b464524c90a.txt,12,19:00:00,False
03/13/2012,03/13/2012,Policy Statement,Policy Statement,https://www.federalreserve.gov/newsevents/pressreleases/monetary20120313a.htm,data/processed/fed_texts/fomc_minutes_statements/2012-03-13_cc4d08cf4dba.txt,2,18:15:00,False
03/13/2012,04/03/2012,Minutes,Minutes,https://www.federalreserve.gov/monetarypolicy/fomcminutes20120313.htm,data/processed/fed_texts/fomc_minutes_statements/2012-04-03_94bc041a4506.txt,3,19:00:00,False
04/24/2012,04/25/2012,Policy Statement,Policy Statement,https://www.federalreserve.gov/newsevents/pressreleases/monetary20120425a.htm,data/processed/fed_texts/fomc_minutes_statements/2012-04-25_18453d8d0979.txt,2,17:30:00,False
04/24/2012,05/16/2012,Minutes,Minutes,https://www.federalreserve.gov/monetarypolicy/fomcminutes20120425.htm,data/processed/fed_texts/fomc_minutes_statements/2012-05-16_a8d8cbf177c3.txt,3,19:00:00,False
04/24/2012,05/16/2012,Summary of Economic Projections,Summary of Economic Projections,https://www.federalreserve.gov/monetarypolicy/fomcminutes20120425ep.htm,data/processed/fed_texts/fomc_minutes_statements/2012-05-16_94ef78007962.txt,12,19:00:00,False
06/19/2012,06/20/2012,Policy Statement,Policy Statement,https://www.federalreserve.gov/newsevents/pressreleases/monetary20120620a.htm,data/processed/fed_texts/fomc_minutes_statements/2012-06-20_a57854a0d625.txt,3,17:30:00,False
06/19/2012,07/11/2012,Minutes,Minutes,https://www.federalreserve.gov/monetarypolicy/fomcminutes20120620.htm,data/processed/fed_texts/fomc_minutes_statements/2012-07-11_3199850d1fc1.txt,4,19:00:00,False
06/19/2012,07/11/2012,Summary of Economic Projections,Summary of Economic Projections,https://www.federalreserve.gov/monetarypolicy/fomcminutes20120620ep.htm,data/processed/fed_texts/fomc_minutes_statements/2012-07-11_57ca80be935b.txt,12,19:00:00,False
08/01/2012,08/01/2012,Policy Statement,Policy Statement,https://www.federalreserve.gov/newsevents/pressreleases/monetary20120801a.htm,data/processed/fed_texts/fomc_minutes_statements/2012-08-01_620d67a6886c.txt,2,19:15:00,False
08/01/2012,08/22/2012,Minutes,Minutes,https://www.federalreserve.gov/monetarypolicy/fomcminutes20120801.htm,data/processed/fed_texts/fomc_minutes_statements/2012-08-22_8e3679a69f12.txt,3,19:00:00,False
09/12/2012,09/13/2012,Policy Statement,Policy Statement,https://www.federalreserve.gov/newsevents/pressreleases/monetary20120913a.htm,data/processed/fed_texts/fomc_minutes_statements/2012-09-13_308ff1604b20.txt,2,17:30:00,True
09/12/2012,10/04/2012,Minutes,Minutes,https://www.federalreserve.gov/monetarypolicy/fomcminutes20120913.htm,data/processed/fed_texts/fomc_minutes_statements/2012-10-04_1a6e91bc35cc.txt,3,19:00:00,False
09/12/2012,10/04/2012,Summary of Economic Projections,Summary of Economic Projections,https://www.federalreserve.gov/monetarypolicy/fomcminutes20120913ep.htm,data/processed/fed_texts/fomc_minutes_statements/2012-10-04_029e93d4e581.txt,12,19:00:00,False
10/23/2012,10/24/2012,Policy Statement,Policy Statement,https://www.federalreserve.gov/newsevents/pressreleases/monetary20121024a.htm,data/processed/fed_texts/fomc_minutes_statements/2012-10-24_4e047bbd401d.txt,2,19:15:00,False
10/23/2012,11/14/2012,Minutes,Minutes,https://www.federalreserve.gov/monetarypolicy/fomcminutes20121024.htm,data/processed/fed_texts/fomc_minutes_statements/2012-11-14_a74edc9f9abb.txt,3,19:00:00,False
12/11/2012,12/12/2012,Policy Statement,Policy Statement,https://www.federalreserve.gov/newsevents/pressreleases/monetary20121212a.htm,data/processed/fed_texts/fomc_minutes_statements/2012-12-12_3f24be44d1a3.txt,2,17:30:00,False
12/11/2012,12/12/2012,Summary of Economic Projections,Summary of Economic Projections,https://www.federalreserve.gov/monetarypolicy/files/FOMC20121212SEPcompilation.htm,data/processed/fed_texts/fomc_minutes_statements/2012-12-12_f74ccd0cb397.txt,17,19:00:00,False
12/11/2012,01/03/2013,Minutes,Minutes,https://www.federalreserve.gov/monetarypolicy/fomcminutes20121212.htm,data/processed/fed_texts/fomc_minutes_statements/2013-01-03_fd45eba780c5.txt,3,19:00:00,False
12/11/2012,01/03/2013,Summary of Economic Projections,Summary of Economic Projections,https://www.federalreserve.gov/monetarypolicy/fomcminutes20121212ep.htm,data/processed/fed_texts/fomc_minutes_statements/2013-01-03_7d6d7e1483ec.txt,12,19:00:00,False
01/29/2013,01/30/2013,Policy Statement,Policy Statement,https://www.federalreserve.gov/newsevents/pressreleases/monetary20130130a.htm,data/processed/fed_texts/fomc_minutes_statements/2013-01-30_6be32a24ceac.txt,2,19:15:00,False
01/29/2013,02/20/2013,Minutes,Minutes,https://www.federalreserve.gov/monetarypolicy/fomcminutes20130130.htm,data/processed/fed_texts/fomc_minutes_statements/2013-02-20_47b1f27f6a73.txt,8,19:00:00,False
03/19/2013,03/20/2013,Policy Statement,Policy Statement,https://www.federalreserve.gov/newsevents/pressreleases/monetary20130320a.htm,data/processed/fed_texts/fomc_minutes_statements/2013-03-20_8556039013f5.txt,2,18:00:00,False
03/19/2013,04/10/2013,Minutes,Minutes,https://www.federalreserve.gov/monetarypolicy/fomcminutes20130320.htm,data/processed/fed_texts/fomc_minutes_statements/2013-04-10_262eadd957d8.txt,3,14:00:00,False
03/19/2013,04/10/2013,Summary of Economic Projections,Summary of Economic Projections,https://www.federalreserve.gov/monetarypolicy/fomcminutes20130320ep.htm,data/processed/fed_texts/fomc_minutes_statements/2013-04-10_0aa755b06222.txt,12,14:00:00,False
05/30/2013,05/01/2013,Policy Statement,Policy Statement,https://www.federalreserve.gov/newsevents/pressreleases/monetary20130501a.htm,data/processed/fed_texts/fomc_minutes_statements/2013-05-01_fabd0470a308.txt,2,19:00:00,False
05/30/2013,05/22/2013,Minutes,Minutes,https://www.federalreserve.gov/monetarypolicy/fomcminutes20130501.htm,data/processed/fed_texts/fomc_minutes_statements/2013-05-22_2913bff7fa7b.txt,4,19:00:00,True
06/18/2013,06/19/2013,Policy Statement,Policy Statement,https://www.federalreserve.gov/newsevents/pressreleases/monetary20130619a.htm,data/processed/fed_texts/fomc_minutes_statements/2013-06-19_6463a4f430c7.txt,2,19:00:00,False
06/18/2013,07/10/2013,Minutes,Minutes,https://www.federalreserve.gov/monetarypolicy/fomcminutes20130619.htm,data/processed/fed_texts/fomc_minutes_statements/2013-07-10_647cb4c897c5.txt,3,19:00:00,True
06/18/2013,07/10/2013,Summary of Economic Projections,Summary of Economic Projections,https://www.federalreserve.gov/monetarypolicy/fomcminutes20130619ep.htm,data/processed/fed_texts/fomc_minutes_statements/2013-07-10_cb3185b13134.txt,13,19:00:00,False
07/30/2013,07/31/2013,Policy Statement,Policy Statement,https://www.federalreserve.gov/newsevents/pressreleases/monetary20130731a.htm,data/processed/fed_texts/fomc_minutes_statements/2013-07-31_11c404beef8e.txt,2,19:00:00,False
07/30/2013,08/21/2013,Minutes,Minutes,https://www.federalreserve.gov/monetarypolicy/fomcminutes20130731.htm,data/processed/fed_texts/fomc_minutes_statements/2013-08-21_f556e6726869.txt,4,19:00:00,True
09/17/2013,09/18/2013,Policy Statement,Policy Statement,https://www.federalreserve.gov/newsevents/pressreleases/monetary20130918a.htm,data/processed/fed_texts/fomc_minutes_statements/2013-09-18_9d6c043c9ea2.txt,2,19:00:00,False
09/17/2013,10/09/2013,Minutes,Minutes,https://www.federalreserve.gov/monetarypolicy/fomcminutes20130918.htm,data/processed/fed_texts/fomc_minutes_statements/2013-10-09_04f2d13b6165.txt,5,19:00:00,False
09/17/2013,10/09/2013,Summary of Economic Projections,Summary of Economic Projections,https://www.federalreserve.gov/monetarypolicy/fomcminutes20130918ep.htm,data/processed/fed_texts/fomc_minutes_statements/2013-10-09_a42343dd6516.txt,12,19:00:00,False
10/29/2013,10/30/2013,Policy Statement,Policy Statement,https://www.federalreserve.gov/newsevents/pressreleases/monetary20131030a.htm,data/processed/fed_texts/fomc_minutes_statements/2013-10-30_75ed8399f511.txt,2,18:00:00,False
10/29/2013,11/20/2013,Minutes,Minutes,https://www.federalreserve.gov/monetarypolicy/fomcminutes20131030.htm,data/processed/fed_texts/fomc_minutes_statements/2013-11-20_107e2325b305.txt,4,19:00:00,False
12/17/2013,12/18/2013,Policy Statement,Policy Statement,https://www.federalreserve.gov/newsevents/pressreleases/monetary20131218a.htm,data/processed/fed_texts/fomc_minutes_statements/2013-12-18_49aba68019bf.txt,2,19:00:00,False
12/17/2013,01/08/2014,Minutes,Minutes,https://www.federalreserve.gov/monetarypolicy/fomcminutes20131218.htm,data/processed/fed_texts/fomc_minutes_statements/2014-01-08_212d20e04468.txt,3,19:00:00,False
12/17/2013,01/08/2014,Summary of Economic Projections,Summary of Economic Projections,https://www.federalreserve.gov/monetarypolicy/fomcminutes20131218ep.htm,data/processed/fed_texts/fomc_minutes_statements/2014-01-08_7bde7b794f5d.txt,12,19:00:00,False
01/28/2014,01/29/2014,Policy Statement,Policy Statement,https://www.federalreserve.gov/newsevents/pressreleases/monetary20140129a.htm,data/processed/fed_texts/fomc_minutes_statements/2014-01-29_5c9e8b6735f3.txt,2,19:00:00,False
01/28/2014,02/19/2014,Minutes,Minutes,https://www.federalreserve.gov/monetarypolicy/fomcminutes20140129.htm,data/processed/fed_texts/fomc_minutes_statements/2014-02-19_12b5eab974e2.txt,13,19:00:00,False
03/18/2014,03/19/2014,Policy Statement,Policy Statement,https://www.federalreserve.gov/newsevents/pressreleases/monetary20140319a.htm,data/processed/fed_texts/fomc_minutes_statements/2014-03-19_30df0f66ee8f.txt,2,18:00:00,False
03/18/2014,04/09/2014,Minutes,Minutes,https://www.federalreserve.gov/monetarypolicy/fomcminutes20140319.htm,data/processed/fed_texts/fomc_minutes_statements/2014-04-09_dda215bec2fc.txt,3,19:00:00,False
03/18/2014,04/09/2014,Summary of Economic Projections,Summary of Economic Projections,https://www.federalreserve.gov/monetarypolicy/fomcminutes20140319ep.htm,data/processed/fed_texts/fomc_minutes_statements/2014-04-09_7562a20775ce.txt,12,19:00:00,False
04/29/2014,04/30/2014,Policy Statement,Policy Statement,https://www.federalreserve.gov/newsevents/pressreleases/monetary20140430a.htm,data/processed/fed_texts/fomc_minutes_statements/2014-04-30_0711fac1da7e.txt,2,19:00:00,False
04/29/2014,05/21/2014,Minutes,Minutes,https://www.federalreserve.gov/monetarypolicy/fomcminutes20140430.htm,data/processed/fed_texts/fomc_minutes_statements/2014-05-21_3510f088cbfd.txt,3,19:00:00,False
06/17/2014,06/18/2014,Policy Statement,Policy Statement,https://www.federalreserve.gov/newsevents/pressreleases/monetary20140618a.htm,data/processed/fed_texts/fomc_minutes_statements/2014-06-18_43f04a08ed54.txt,2,19:00:00,False
06/17/2014,07/09/2014,Minutes,Minutes,https://www.federalreserve.gov/monetarypolicy/fomcminutes20140618.htm,data/processed/fed_texts/fomc_minutes_statements/2014-07-09_61f1abb8d8b7.txt,5,19:00:00,False
06/17/2014,07/09/2014,Summary of Economic Projections,Summary of Economic Projections,https://www.federalreserve.gov/monetarypolicy/fomcminutes20140618ep.htm,data/processed/fed_texts/fomc_minutes_statements/2014-07-09_04e1f9567990.txt,12,19:00:00,False
07/29/2014,07/30/2014,Policy Statement,Policy Statement,https://www.federalreserve.gov/newsevents/pressreleases/monetary20140730a.htm,data/processed/fed_texts/fomc_minutes_statements/2014-07-30_710668d3628d.txt,2,19:00:00,False
07/29/2014,08/20/2014,Minutes,Minutes,https://www.federalreserve.gov/monetarypolicy/fomcminutes20140730.htm,data/processed/fed_texts/fomc_minutes_statements/2014-08-20_95b396f1227f.txt,4,19:00:00,False
09/16/2014,09/17/2014,Policy Statement,Policy Statement,https://www.federalreserve.gov/newsevents/pressreleases/monetary20140917a.htm,data/processed/fed_texts/fomc_minutes_statements/2014-09-17_8083594861ae.txt,2,19:00:00,False
09/16/2014,10/08/2014,Minutes,Minutes,https://www.federalreserve.gov/monetarypolicy/fomcminutes20140917.htm,data/processed/fed_texts/fomc_minutes_statements/2014-10-08_2b33172a6b23.txt,4,19:00:00,False
09/16/2014,10/08/2014,Summary of Economic Projections,Summary of Economic Projections,https://www.federalreserve.gov/monetarypolicy/fomcminutes20140917ep.htm,data/processed/fed_texts/fomc_minutes_statements/2014-10-08_6073514a9973.txt,12,19:00:00,False
10/28/2014,10/29/2014,Policy Statement,Policy Statement,https://www.federalreserve.gov/newsevents/pressreleases/monetary20141029a.htm,data/processed/fed_texts/fomc_minutes_statements/2014-10-29_d6a7adec73fb.txt,2,18:00:00,False
10/28/2014,11/19/2014,Minutes,Minutes,https://www.federalreserve.gov/monetarypolicy/fomcminutes20141029.htm,data/processed/fed_texts/fomc_minutes_statements/2014-11-19_0ce4bf315086.txt,5,19:00:00,False
12/16/2014,12/17/2014,Policy Statement,Policy Statement,https://www.federalreserve.gov/newsevents/pressreleases/monetary20141217a.htm,data/processed/fed_texts/fomc_minutes_statements/2014-12-17_d1e49b60807d.txt,2,19:00:00,False
12/16/2014,01/07/2015,Minutes,Minutes,https://www.federalreserve.gov/monetarypolicy/fomcminutes20141217.htm,data/processed/fed_texts/fomc_minutes_statements/2015-01-07_ffe34180ce4c.txt,5,19:00:00,False
12/16/2014,01/07/2015,Summary of Economic Projections,Summary of Economic Projections,https://www.federalreserve.gov/monetarypolicy/fomcminutes20141217ep.htm,data/processed/fed_texts/fomc_minutes_statements/2015-01-07_02d2faaf40ca.txt,12,19:00:00,False
01/27/2015,01/28/2015,Policy Statement,Policy Statement,https://www.federalreserve.gov/newsevents/pressreleases/monetary20150128a.htm,data/processed/fed_texts/fomc_minutes_statements/2015-01-28_6b895a6645be.txt,2,19:00:00,False
01/27/2015,02/18/2015,Minutes,Minutes,https://www.federalreserve.gov/monetarypolicy/fomcminutes20150128.htm,data/processed/fed_texts/fomc_minutes_statements/2015-02-18_d931552c6965.txt,13,19:00:00,False
03/17/2015,03/18/2015,Policy Statement,Policy Statement,https://www.federalreserve.gov/newsevents/pressreleases/monetary20150318a.htm,data/processed/fed_texts/fomc_minutes_statements/2015-03-18_9af3a0cf997f.txt,2,18:00:00,False
03/17/2015,04/08/2015,Minutes,Minutes,https://www.federalreserve.gov/monetarypolicy/fomcminutes20150318.htm,data/processed/fed_texts/fomc_minutes_statements/2015-04-08_03d3d457c6b6.txt,4,19:00:00,False
03/17/2015,04/08/2015,Summary of Economic Projections,Summary of Economic Projections,https://www.federalreserve.gov/monetarypolicy/fomcminutes20150318ep.htm,data/processed/fed_texts/fomc_minutes_statements/2015-04-08_d9a4755fceaa.txt,12,19:00:00,False
04/28/2015,04/29/2015,Policy Statement,Policy Statement,https://www.federalreserve.gov/newsevents/pressreleases/monetary20150429a.htm,data/processed/fed_texts/fomc_minutes_statements/2015-04-29_fac509673bd9.txt,2,19:00:00,False
04/28/2015,05/20/2015,Minutes,Minutes,https://www.federalreserve.gov/monetarypolicy/fomcminutes20150429.htm,data/processed/fed_texts/fomc_minutes_statements/2015-05-20_8f124ef1cebc.txt,3,19:00:00,False
06/16/2015,06/17/2015,Policy Statement,Policy Statement,https://www.federalreserve.gov/newsevents/pressreleases/monetary20150617a.htm,data/processed/fed_texts/fomc_minutes_statements/2015-06-17_d40aae8d859a.txt,2,19:00:00,False
06/16/2015,07/08/2015,Minutes,Minutes,https://www.federalreserve.gov/monetarypolicy/fomcminutes20150617.htm,data/processed/fed_texts/fomc_minutes_statements/2015-07-08_8eaaa6aea1df.txt,3,19:00:00,False
06/16/2015,07/08/2015,Summary of Economic Projections,Summary of Economic Projections,https://www.federalreserve.gov/monetarypolicy/fomcminutes20150617ep.htm,data/processed/fed_texts/fomc_minutes_statements/2015-07-08_aa9aa2cabcd4.txt,12,19:00:00,False
07/28/2015,07/29/2015,Policy Statement,Policy Statement,https://www.federalreserve.gov/newsevents/pressreleases/monetary20150729a.htm,data/processed/fed_texts/fomc_minutes_statements/2015-07-29_5b0345b302be.txt,2,19:00:00,False
07/28/2015,08/19/2015,Minutes,Minutes,https://www.federalreserve.gov/monetarypolicy/fomcminutes20150729.htm,data/processed/fed_texts/fomc_minutes_statements/2015-08-19_cbca43240e96.txt,3,19:00:00,False
09/16/2015,09/17/2015,Policy Statement,Policy Statement,https://www.federalreserve.gov/newsevents/pressreleases/monetary20150917a.htm,data/processed/fed_texts/fomc_minutes_statements/2015-09-17_9105c7e0a50e.txt,2,19:00:00,False
09/16/2015,10/08/2015,Minutes,Minutes,https://www.federalreserve.gov/monetarypolicy/fomcminutes20150917.htm,data/processed/fed_texts/fomc_minutes_statements/2015-10-08_26dd0eb29efe.txt,4,19:00:00,False
09/16/2015,10/08/2015,Summary of Economic Projections,Summary of Economic Projections,https://www.federalreserve.gov/monetarypolicy/fomcminutes20150917ep.htm,data/processed/fed_texts/fomc_minutes_statements/2015-10-08_1d31fcfe7cd8.txt,12,19:00:00,False
10/27/2015,10/28/2015,Policy Statement,Policy Statement,https://www.federalreserve.gov/newsevents/pressreleases/monetary20151028a.htm,data/processed/fed_texts/fomc_minutes_statements/2015-10-28_e72db519fe5c.txt,2,18:00:00,False
10/27/2015,11/18/2015,Minutes,Minutes,https://www.federalreserve.gov/monetarypolicy/fomcminutes20151028.htm,data/processed/fed_texts/fomc_minutes_statements/2015-11-18_564efab6adcd.txt,3,19:00:00,False
12/15/2015,12/16/2015,Policy Statement,Policy Statement,https://www.federalreserve.gov/newsevents/pressreleases/monetary20151216a.htm,data/processed/fed_texts/fomc_minutes_statements/2015-12-16_d231716e6ed8.txt,2,19:00:00,False
12/15/2015,01/06/2016,Minutes,Minutes,https://www.federalreserve.gov/monetarypolicy/fomcminutes20151216.htm,data/processed/fed_texts/fomc_minutes_statements/2016-01-06_9d4cf9384422.txt,4,19:00:00,False
12/15/2015,01/06/2016,Summary of Economic Projections,Summary of Economic Projections,https://www.federalreserve.gov/monetarypolicy/fomcminutes20151216ep.htm,data/processed/fed_texts/fomc_minutes_statements/2016-01-06_842c57a061b0.txt,12,19:00:00,False
01/26/2016,01/27/2016,Policy Statement,Policy Statement,https://www.federalreserve.gov/newsevents/pressreleases/monetary20160127a.htm,data/processed/fed_texts/fomc_minutes_statements/2016-01-27_21b3426007c3.txt,2,19:00:00,False
01/26/2016,02/17/2016,Minutes,Minutes,https://www.federalreserve.gov/monetarypolicy/fomcminutes20160127.htm,data/processed/fed_texts/fomc_minutes_statements/2016-02-17_2c67361b7f78.txt,14,19:00:00,False
03/15/2016,03/16/2016,Policy Statement,Policy Statement,https://www.federalreserve.gov/newsevents/pressreleases/monetary20160316a.htm,data/processed/fed_texts/fomc_minutes_statements/2016-03-16_179751997963.txt,2,18:00:00,True
03/15/2016,04/06/2016,Minutes,Minutes,https://www.federalreserve.gov/monetarypolicy/fomcminutes20160316.htm,data/processed/fed_texts/fomc_minutes_statements/2016-04-06_5ff3db65f28f.txt,4,19:00:00,False
03/15/2016,04/06/2016,Summary of Economic Projections,Summary of Economic Projections,https://www.federalreserve.gov/monetarypolicy/fomcminutes20160316ep.htm,data/processed/fed_texts/fomc_minutes_statements/2016-04-06_a27335f5c3ab.txt,12,19:00:00,False
04/26/2016,04/27/2016,Policy Statement,Policy Statement,https://www.federalreserve.gov/newsevents/pressreleases/monetary20160427a.htm,data/processed/fed_texts/fomc_minutes_statements/2016-04-27_ab3394a98e13.txt,2,19:00:00,False
04/26/2016,05/18/2016,Minutes,Minutes,https://www.federalreserve.gov/monetarypolicy/fomcminutes20160427.htm,data/processed/fed_texts/fomc_minutes_statements/2016-05-18_61bb09eb1e66.txt,4,19:00:00,False
06/14/2016,06/15/2016,Policy Statement,Policy Statement,https://www.federalreserve.gov/newsevents/pressreleases/monetary20160615a.htm,data/processed/fed_texts/fomc_minutes_statements/2016-06-15_6b4973965fd0.txt,2,19:00:00,False
06/14/2016,07/06/2016,Minutes,Minutes,https://www.federalreserve.gov/monetarypolicy/fomcminutes20160615.htm,data/processed/fed_texts/fomc_minutes_statements/2016-07-06_66b8b7a99765.txt,3,19:00:00,False
06/14/2016,07/06/2016,Summary of Economic Projections,Summary of Economic Projections,https://www.federalreserve.gov/monetarypolicy/fomcminutes20160615ep.htm,data/processed/fed_texts/fomc_minutes_statements/2016-07-06_9da60dd80dfb.txt,12,19:00:00,False
07/26/2016,07/27/2016,Policy Statement,Policy Statement,https://www.federalreserve.gov/newsevents/pressreleases/monetary20160727a.htm,data/processed/fed_texts/fomc_minutes_statements/2016-07-27_4bfc05fc47fc.txt,2,19:00:00,False
07/26/2016,08/17/2016,Minutes,Minutes,https://www.federalreserve.gov/monetarypolicy/fomcminutes20160727.htm,data/processed/fed_texts/fomc_minutes_statements/2016-08-17_76522b166cb9.txt,3,19:00:00,False
09/20/2016,09/21/2016,Policy Statement,Policy Statement,https://www.federalreserve.gov/newsevents/pressreleases/monetary20160921a.htm,data/processed/fed_texts/fomc_minutes_statements/2016-09-21_ea0f572a1045.txt,2,19:00:00,False
09/20/2016,10/12/2016,Minutes,Minutes,https://www.federalreserve.gov/monetarypolicy/fomcminutes20160921.htm,data/processed/fed_texts/fomc_minutes_statements/2016-10-12_6ffd77434fa6.txt,4,19:00:00,False
09/20/2016,10/12/2016,Summary of Economic Projections,Summary of Economic Projections,https://www.federalreserve.gov/monetarypolicy/fomcminutes20160921ep.htm,data/processed/fed_texts/fomc_minutes_statements/2016-10-12_3d99683e120e.txt,12,19:00:00,False
11/01/2016,11/02/2016,Policy Statement,Policy Statement,https://www.federalreserve.gov/newsevents/pressreleases/monetary20161102a.htm,data/processed/fed_texts/fomc_minutes_statements/2016-11-02_425fb34a8a5f.txt,2,18:00:00,False
11/01/2016,11/23/2016,Minutes,Minutes,https://www.federalreserve.gov/monetarypolicy/fomcminutes20161102.htm,data/processed/fed_texts/fomc_minutes_statements/2016-11-23_ed41f0f7053a.txt,3,19:00:00,False
12/13/2016,12/14/2016,Policy Statement,Policy Statement,https://www.federalreserve.gov/newsevents/pressreleases/monetary20161214a.htm,data/processed/fed_texts/fomc_minutes_statements/2016-12-14_416d58859f00.txt,2,19:00:00,False
12/13/2016,01/04/2017,Minutes,Minutes,https://www.federalreserve.gov/monetarypolicy/fomcminutes20161214.htm,data/processed/fed_texts/fomc_minutes_statements/2017-01-04_1a6a04ac891b.txt,5,19:00:00,False
12/13/2016,01/04/2017,Summary of Economic Projections,Summary of Economic Projections,https://www.federalreserve.gov/monetarypolicy/fomcminutes20161214ep.htm,data/processed/fed_texts/fomc_minutes_statements/2017-01-04_2bcb602f491c.txt,12,19:00:00,False
03/14/2017,03/15/2017,Policy Statement,Policy Statement,https://www.federalreserve.gov/newsevents/pressreleases/monetary20170315a.htm,data/processed/fed_texts/fomc_minutes_statements/2017-03-15_a5cc987f2a19.txt,2,18:00:00,False
03/14/2017,04/05/2017,Minutes,Minutes,https://www.federalreserve.gov/monetarypolicy/fomcminutes20170315.htm,data/processed/fed_texts/fomc_minutes_statements/2017-04-05_90eab8f28b81.txt,4,19:00:00,False
03/14/2017,04/05/2017,Summary of Economic Projections,Summary of Economic Projections,https://www.federalreserve.gov/monetarypolicy/fomcminutes20170315ep.htm,data/processed/fed_texts/fomc_minutes_statements/2017-04-05_1dc5b20a1ef1.txt,15,19:00:00,False
05/02/2017,05/03/2017,Policy Statement,Policy Statement,https://www.federalreserve.gov/newsevents/pressreleases/monetary20170503a.htm,data/processed/fed_texts/fomc_minutes_statements/2017-05-03_d76dd454adaf.txt,2,19:00:00,False
05/02/2017,05/24/2017,Minutes,Minutes,https://www.federalreserve.gov/monetarypolicy/fomcminutes20170503.htm,data/processed/fed_texts/fomc_minutes_statements/2017-05-24_d7cb41599fd5.txt,4,19:00:00,False
06/13/2017,06/14/2017,Policy Statement,Policy Statement,https://www.federalreserve.gov/newsevents/pressreleases/monetary20170614a.htm,data/processed/fed_texts/fomc_minutes_statements/2017-06-14_bf20b0cfbeb0.txt,2,19:00:00,False
06/13/2017,07/05/2017,Minutes,Minutes,https://www.federalreserve.gov/monetarypolicy/fomcminutes20170614.htm,data/processed/fed_texts/fomc_minutes_statements/2017-07-05_452978870662.txt,4,19:00:00,True
06/13/2017,07/05/2017,Summary of Economic Projections,Summary of Economic Projections,https://www.federalreserve.gov/monetarypolicy/fomcminutes20170614ep.htm,data/processed/fed_texts/fomc_minutes_statements/2017-07-05_0de1ea0126fd.txt,15,19:00:00,False
07/25/2017,07/26/2017,Policy Statement,Policy Statement,https://www.federalreserve.gov/newsevents/pressreleases/monetary20170726a.htm,data/processed/fed_texts/fomc_minutes_statements/2017-07-26_0216ee61735a.txt,2,19:00:00,False
07/25/2017,08/16/2017,Minutes,Minutes,https://www.federalreserve.gov/monetarypolicy/fomcminutes20170726.htm,data/processed/fed_texts/fomc_minutes_statements/2017-08-16_86bd14bf7cc9.txt,4,19:00:00,False
09/19/2017,09/20/2017,Policy Statement,Policy Statement,https://www.federalreserve.gov/newsevents/pressreleases/monetary20170920a.htm,data/processed/fed_texts/fomc_minutes_statements/2017-09-20_3b04d1682061.txt,2,19:00:00,True
09/19/2017,10/11/2017,Minutes,Minutes,https://www.federalreserve.gov/monetarypolicy/fomcminutes20170920.htm,data/processed/fed_texts/fomc_minutes_statements/2017-10-11_3f20f8eb2496.txt,4,19:00:00,True
09/19/2017,10/11/2017,Summary of Economic Projections,Summary of Economic Projections,https://www.federalreserve.gov/monetarypolicy/fomcminutes20170920ep.htm,data/processed/fed_texts/fomc_minutes_statements/2017-10-11_14d298769f68.txt,15,19:00:00,False
12/12/2017,12/13/2017,Policy Statement,Policy Statement,https://www.federalreserve.gov/newsevents/pressreleases/monetary20171213a.htm,data/processed/fed_texts/fomc_minutes_statements/2017-12-13_4a774823b378.txt,2,19:00:00,False
12/12/2017,01/03/2018,Minutes,Minutes,https://www.federalreserve.gov/monetarypolicy/fomcminutes20171213.htm,data/processed/fed_texts/fomc_minutes_statements/2018-01-03_839c3db154ea.txt,4,19:00:00,False
12/12/2017,01/03/2018,Summary of Economic Projections,Summary of Economic Projections,https://www.federalreserve.gov/monetarypolicy/fomcminutes20171213ep.htm,data/processed/fed_texts/fomc_minutes_statements/2018-01-03_78214c12b953.txt,15,19:00:00,False
01/30/2018,01/31/2018,Policy Statement,Policy Statement,https://www.federalreserve.gov/newsevents/pressreleases/monetary20180131a.htm,data/processed/fed_texts/fomc_minutes_statements/2018-01-31_da297642c5a0.txt,2,19:00:00,False
01/30/2018,02/21/2018,Minutes,Minutes,https://www.federalreserve.gov/monetarypolicy/fomcminutes20180131.htm,data/processed/fed_texts/fomc_minutes_statements/2018-02-21_5b068ae48728.txt,12,19:00:00,False
03/20/2018,03/21/2018,Policy Statement,Policy Statement,https://www.federalreserve.gov/newsevents/pressreleases/monetary20180321a.htm,data/processed/fed_texts/fomc_minutes_statements/2018-03-21_30a86943463a.txt,2,18:00:00,False
03/20/2018,04/11/2018,Minutes,Minutes,https://www.federalreserve.gov/monetarypolicy/fomcminutes20180321.htm,data/processed/fed_texts/fomc_minutes_statements/2018-04-11_e055fafd2dc6.txt,4,19:00:00,True
03/20/2018,04/11/2018,Summary of Economic Projections,Summary of Economic Projections,https://www.federalreserve.gov/monetarypolicy/fomcminutes20180321ep.htm,data/processed/fed_texts/fomc_minutes_statements/2018-04-11_0d8002dba57e.txt,15,19:00:00,False
05/01/2018,05/02/2018,Policy Statement,Policy Statement,https://www.federalreserve.gov/newsevents/pressreleases/monetary20180502a.htm,data/processed/fed_texts/fomc_minutes_statements/2018-05-02_8d62337db668.txt,2,19:00:00,False
05/01/2018,05/23/2018,Minutes,Minutes,https://www.federalreserve.gov/monetarypolicy/fomcminutes20180502.htm,data/processed/fed_texts/fomc_minutes_statements/2018-05-23_8119defabbf0.txt,4,19:00:00,False
06/12/2018,06/13/2018,Policy Statement,Policy Statement,https://www.federalreserve.gov/newsevents/pressreleases/monetary20180613a.htm,data/processed/fed_texts/fomc_minutes_statements/2018-06-13_47c41791ffdc.txt,2,19:00:00,False
06/12/2018,07/05/2018,Minutes,Minutes,https://www.federalreserve.gov/monetarypolicy/fomcminutes20180613.htm,data/processed/fed_texts/fomc_minutes_statements/2018-07-05_559ccb01d862.txt,4,19:00:00,False
06/12/2018,07/05/2018,Summary of Economic Projections,Summary of Economic Projections,https://www.federalreserve.gov/monetarypolicy/fomcminutes20180613ep.htm,data/processed/fed_texts/fomc_minutes_statements/2018-07-05_2a91a635c651.txt,15,19:00:00,False
09/25/2018,09/26/2018,Policy Statement,Policy Statement,https://www.federalreserve.gov/newsevents/pressreleases/monetary20180926a.htm,data/processed/fed_texts/fomc_minutes_statements/2018-09-26_829e09b5a377.txt,2,19:00:00,False
09/25/2018,10/17/2018,Minutes,Minutes,https://www.federalreserve.gov/monetarypolicy/fomcminutes20180926.htm,data/processed/fed_texts/fomc_minutes_statements/2018-10-17_0bed17bedd10.txt,4,19:00:00,False
09/25/2018,10/17/2018,Summary of Economic Projections,Summary of Economic Projections,https://www.federalreserve.gov/monetarypolicy/fomcminutes20180926ep.htm,data/processed/fed_texts/fomc_minutes_statements/2018-10-17_5a59b192eb9f.txt,15,19:00:00,False
11/07/2018,11/08/2018,Policy Statement,Policy Statement,https://www.federalreserve.gov/newsevents/pressreleases/monetary20181108a.htm,data/processed/fed_texts/fomc_minutes_statements/2018-11-08_e00536d13b37.txt,2,19:00:00,False
11/07/2018,11/29/2018,Minutes,Minutes,https://www.federalreserve.gov/monetarypolicy/fomcminutes20181108.htm,data/processed/fed_texts/fomc_minutes_statements/2018-11-29_82fdf7ba9f53.txt,3,19:00:00,False
12/18/2018,12/19/2018,Policy Statement,Policy Statement,https://www.federalreserve.gov/newsevents/pressreleases/monetary20181219a.htm,data/processed/fed_texts/fomc_minutes_statements/2018-12-19_95819bab78ed.txt,2,19:00:00,False
12/18/2018,01/09/2019,Minutes,Minutes,https://www.federalreserve.gov/monetarypolicy/fomcminutes20181219.htm,data/processed/fed_texts/fomc_minutes_statements/2019-01-09_9ece75f3fa10.txt,3,19:00:00,False
12/18/2018,01/09/2019,Summary of Economic Projections,Summary of Economic Projections,https://www.federalreserve.gov/monetarypolicy/fomcminutes20181219ep.htm,data/processed/fed_texts/fomc_minutes_statements/2019-01-09_cf9102026603.txt,15,19:00:00,True
01/29/2019,01/30/2019,Policy Statement,Policy Statement,https://www.federalreserve.gov/newsevents/pressreleases/monetary20190130a.htm,data/processed/fed_texts/fomc_minutes_statements/2019-01-30_7c0712c74ff8.txt,2,19:00:00,False
01/29/2019,02/20/2019,Minutes,Minutes,https://www.federalreserve.gov/monetarypolicy/fomcminutes20190130.htm,data/processed/fed_texts/fomc_minutes_statements/2019-02-20_dbcd2cb58934.txt,11,19:00:00,False
03/19/2019,03/20/2019,Policy Statement,Policy Statement,https://www.federalreserve.gov/newsevents/pressreleases/monetary20190320a.htm,data/processed/fed_texts/fomc_minutes_statements/2019-03-20_42d551d67d20.txt,2,18:00:00,False
03/19/2019,04/10/2019,Minutes,Minutes,https://www.federalreserve.gov/monetarypolicy/fomcminutes20190320.htm,data/processed/fed_texts/fomc_minutes_statements/2019-04-10_054f293af513.txt,3,19:00:00,False
03/19/2019,04/10/2019,Summary of Economic Projections,Summary of Economic Projections,https://www.federalreserve.gov/monetarypolicy/fomcminutes20190320ep.htm,data/processed/fed_texts/fomc_minutes_statements/2019-04-10_0f316457878d.txt,15,19:00:00,False
05/30/2019,05/01/2019,Policy Statement,Policy Statement,https://www.federalreserve.gov/newsevents/pressreleases/monetary20190501a.htm,data/processed/fed_texts/fomc_minutes_statements/2019-05-01_ce1cde5be233.txt,2,19:00:00,False
05/30/2019,05/22/2019,Minutes,Minutes,https://www.federalreserve.gov/monetarypolicy/fomcminutes20190501.htm,data/processed/fed_texts/fomc_minutes_statements/2019-05-22_760cba5059a2.txt,4,19:00:00,False
06/18/2019,06/19/2019,Policy Statement,Policy Statement,https://www.federalreserve.gov/newsevents/pressreleases/monetary20190619a.htm,data/processed/fed_texts/fomc_minutes_statements/2019-06-19_71e439317eb7.txt,2,19:00:00,False
06/18/2019,07/10/2019,Minutes,Minutes,https://www.federalreserve.gov/monetarypolicy/fomcminutes20190619.htm,data/processed/fed_texts/fomc_minutes_statements/2019-07-10_93775234563b.txt,3,19:00:00,False
06/18/2019,07/10/2019,Summary of Economic Projections,Summary of Economic Projections,https://www.federalreserve.gov/monetarypolicy/fomcminutes20190619ep.htm,data/processed/fed_texts/fomc_minutes_statements/2019-07-10_40ede7ef82ba.txt,15,19:00:00,False
07/30/2019,07/31/2019,Policy Statement,Policy Statement,https://www.federalreserve.gov/newsevents/pressreleases/monetary20190731a.htm,data/processed/fed_texts/fomc_minutes_statements/2019-07-31_f37dc2abee14.txt,2,19:00:00,False
07/30/2019,08/21/2019,Minutes,Minutes,https://www.federalreserve.gov/monetarypolicy/fomcminutes20190731.htm,data/processed/fed_texts/fomc_minutes_statements/2019-08-21_5dfd07791d70.txt,4,19:00:00,False
09/17/2019,09/18/2019,Policy Statement,Policy Statement,https://www.federalreserve.gov/newsevents/pressreleases/monetary20190918a.htm,data/processed/fed_texts/fomc_minutes_statements/2019-09-18_dc8ee5b35a20.txt,2,19:00:00,False
09/17/2019,10/09/2019,Minutes,Minutes,https://www.federalreserve.gov/monetarypolicy/fomcminutes20190918.htm,data/processed/fed_texts/fomc_minutes_statements/2019-10-09_b0620fb1ad3b.txt,3,19:00:00,False
09/17/2019,10/09/2019,Summary of Economic Projections,Summary of Economic Projections,https://www.federalreserve.gov/monetarypolicy/fomcminutes20190918ep.htm,data/processed/fed_texts/fomc_minutes_statements/2019-10-09_68bcee885bb7.txt,15,19:00:00,False
10/04/2019,10/11/2019,Policy Statement,Policy Statement,https://www.federalreserve.gov/newsevents/pressreleases/monetary20191011a.htm,data/processed/fed_texts/fomc_minutes_statements/2019-10-11_b351333fd890.txt,2,,False
10/29/2019,10/30/2019,Policy Statement,Policy Statement,https://www.federalreserve.gov/newsevents/pressreleases/monetary20191030a.htm,data/processed/fed_texts/fomc_minutes_statements/2019-10-30_2400956e21c0.txt,2,18:00:00,False
10/29/2019,11/20/2019,Minutes,Minutes,https://www.federalreserve.gov/monetarypolicy/fomcminutes20191030.htm,data/processed/fed_texts/fomc_minutes_statements/2019-11-20_bff202a2a75f.txt,3,19:00:00,False
12/10/2019,12/11/2019,Policy Statement,Policy Statement,https://www.federalreserve.gov/newsevents/pressreleases/monetary20191211a.htm,data/processed/fed_texts/fomc_minutes_statements/2019-12-11_76fa13ed0061.txt,2,19:00:00,False
12/10/2019,01/03/2020,Minutes,Minutes,https://www.federalreserve.gov/monetarypolicy/fomcminutes20191211.htm,data/processed/fed_texts/fomc_minutes_statements/2020-01-03_3243cebe187f.txt,3,19:00:00,False
12/10/2019,01/03/2020,Summary of Economic Projections,Summary of Economic Projections,https://www.federalreserve.gov/monetarypolicy/fomcminutes20191211ep.htm,data/processed/fed_texts/fomc_minutes_statements/2020-01-03_b379abba31b7.txt,15,19:00:00,False
01/28/2020,01/29/2020,Policy Statement,Policy Statement,https://www.federalreserve.gov/newsevents/pressreleases/monetary20200129a.htm,data/processed/fed_texts/fomc_minutes_statements/2020-01-29_70220f9a3086.txt,2,19:00:00,False
01/28/2020,02/19/2020,Minutes,Minutes,https://www.federalreserve.gov/monetarypolicy/fomcminutes20200129.htm,data/processed/fed_texts/fomc_minutes_statements/2020-02-19_b2e767d7de25.txt,11,19:00:00,False
03/02/2020,03/03/2020,Policy Statement,Policy Statement,https://www.federalreserve.gov/newsevents/pressreleases/monetary20200303a.htm,data/processed/fed_texts/fomc_minutes_statements/2020-03-03_edd04bf3ee84.txt,2,15:00:00,False
03/15/2020,03/15/2020,Minutes,Minutes,https://www.federalreserve.gov/monetarypolicy/fomcminutes20200315.htm,data/processed/fed_texts/fomc_minutes_statements/2020-03-15_03fe77f09d60.txt,3,21:00:00,False
03/15/2020,03/15/2020,Policy Statement,Policy Statement,https://www.federalreserve.gov/newsevents/pressreleases/monetary20200315a.htm,data/processed/fed_texts/fomc_minutes_statements/2020-03-15_74b931227018.txt,2,21:00:00,False
03/23/2020,03/23/2020,Policy Statement,Policy Statement,https://www.federalreserve.gov/newsevents/pressreleases/monetary20200323a.htm,data/processed/fed_texts/fomc_minutes_statements/2020-03-23_9b2b44682283.txt,3,,False
04/28/2020,04/29/2020,Policy Statement,Policy Statement,https://www.federalreserve.gov/newsevents/pressreleases/monetary20200429a.htm,data/processed/fed_texts/fomc_minutes_statements/2020-04-29_51348faff051.txt,2,19:00:00,False
04/28/2020,05/20/2020,Minutes,Minutes,https://www.federalreserve.gov/monetarypolicy/fomcminutes20200429.htm,data/processed/fed_texts/fomc_minutes_statements/2020-05-20_8e14b1a73dfc.txt,4,19:00:00,False
06/09/2020,06/10/2020,Policy Statement,Policy Statement,https://www.federalreserve.gov/newsevents/pressreleases/monetary20200610a.htm,data/processed/fed_texts/fomc_minutes_statements/2020-06-10_7cc8fc3c1291.txt,2,19:00:00,False
06/09/2020,07/01/2020,Minutes,Minutes,https://www.federalreserve.gov/monetarypolicy/fomcminutes20200610.htm,data/processed/fed_texts/fomc_minutes_statements/2020-07-01_65c25656d31b.txt,4,19:00:00,False
06/09/2020,07/01/2020,Summary of Economic Projections,Summary of Economic Projections,https://www.federalreserve.gov/monetarypolicy/fomcminutes20200610ep.htm,data/processed/fed_texts/fomc_minutes_statements/2020-07-01_b5dab7912b2b.txt,12,19:00:00,True
07/28/2020,07/29/2020,Policy Statement,Policy Statement,https://www.federalreserve.gov/newsevents/pressreleases/monetary20200729a.htm,data/processed/fed_texts/fomc_minutes_statements/2020-07-29_19402d462307.txt,2,19:00:00,False
07/28/2020,08/19/2020,Minutes,Minutes,https://www.federalreserve.gov/monetarypolicy/fomcminutes20200729.htm,data/processed/fed_texts/fomc_minutes_statements/2020-08-19_7f05bc663067.txt,4,19:00:00,False
09/15/2020,09/16/2020,Policy Statement,Policy Statement,https://www.federalreserve.gov/newsevents/pressreleases/monetary20200916a.htm,data/processed/fed_texts/fomc_minutes_statements/2020-09-16_503e061724ca.txt,2,19:00:00,False
09/15/2020,10/07/2020,Minutes,Minutes,https://www.federalreserve.gov/monetarypolicy/fomcminutes20200916.htm,data/processed/fed_texts/fomc_minutes_statements/2020-10-07_99f9b766d42a.txt,7,19:00:00,False
09/15/2020,10/07/2020,Summary of Economic Projections,Summary of Economic Projections,https://www.federalreserve.gov/monetarypolicy/fomcminutes20200916ep.htm,data/processed/fed_texts/fomc_minutes_statements/2020-10-07_b3c6ef2cd21e.txt,12,19:00:00,False
11/04/2020,11/05/2020,Policy Statement,Policy Statement,https://www.federalreserve.gov/newsevents/pressreleases/monetary20201105a.htm,data/processed/fed_texts/fomc_minutes_statements/2020-11-05_f7e4099710b1.txt,2,19:00:00,False
11/04/2020,11/25/2020,Minutes,Minutes,https://www.federalreserve.gov/monetarypolicy/fomcminutes20201105.htm,data/processed/fed_texts/fomc_minutes_statements/2020-11-25_fe2e1ec08243.txt,4,19:00:00,False
12/15/2020,12/16/2020,Policy Statement,Policy Statement,https://www.federalreserve.gov/newsevents/pressreleases/monetary20201216a.htm,data/processed/fed_texts/fomc_minutes_statements/2020-12-16_81fef8858fab.txt,2,19:00:00,False
12/15/2020,01/06/2021,Minutes,Minutes,https://www.federalreserve.gov/monetarypolicy/fomcminutes20201216.htm,data/processed/fed_texts/fomc_minutes_statements/2021-01-06_231cce558000.txt,3,19:00:00,False
01/26/2021,01/27/2021,Policy Statement,Policy Statement,https://www.federalreserve.gov/newsevents/pressreleases/monetary20210127a.htm,data/processed/fed_texts/fomc_minutes_statements/2021-01-27_57722ad2b2de.txt,2,19:00:00,False
01/26/2021,02/17/2021,Minutes,Minutes,https://www.federalreserve.gov/monetarypolicy/fomcminutes20210127.htm,data/processed/fed_texts/fomc_minutes_statements/2021-02-17_f8118c0a9430.txt,14,19:00:00,False
03/16/2021,03/17/2021,Policy Statement,Policy Statement,https://www.federalreserve.gov/newsevents/pressreleases/monetary20210317a.htm,data/processed/fed_texts/fomc_minutes_statements/2021-03-17_645c863c33a9.txt,2,18:00:00,False
03/16/2021,04/07/2021,Minutes,Minutes,https://www.federalreserve.gov/monetarypolicy/fomcminutes20210317.htm,data/processed/fed_texts/fomc_minutes_statements/2021-04-07_d8e2469944f3.txt,4,19:00:00,False
04/27/2021,04/28/2021,Policy Statement,Policy Statement,https://www.federalreserve.gov/newsevents/pressreleases/monetary20210428a.htm,data/processed/fed_texts/fomc_minutes_statements/2021-04-28_5279a2ebb720.txt,2,19:00:00,False
04/27/2021,05/19/2021,Minutes,Minutes,https://www.federalreserve.gov/monetarypolicy/fomcminutes20210428.htm,data/processed/fed_texts/fomc_minutes_statements/2021-05-19_781f36666813.txt,4,19:00:00,False
06/15/2021,06/16/2021,Policy Statement,Policy Statement,https://www.federalreserve.gov/newsevents/pressreleases/monetary20210616a.htm,data/processed/fed_texts/fomc_minutes_statements/2021-06-16_2476421976ea.txt,2,19:00:00,False
06/15/2021,07/07/2021,Minutes,Minutes,https://www.federalreserve.gov/monetarypolicy/fomcminutes20210616.htm,data/processed/fed_texts/fomc_minutes_statements/2021-07-07_adcd93787d78.txt,5,19:00:00,False
07/27/2021,07/28/2021,Policy Statement,Policy Statement,https://www.federalreserve.gov/newsevents/pressreleases/monetary20210728a.htm,data/processed/fed_texts/fomc_minutes_statements/2021-07-28_b4821974278d.txt,2,19:00:00,False
07/27/2021,08/18/2021,Minutes,Minutes,https://www.federalreserve.gov/monetarypolicy/fomcminutes20210728.htm,data/processed/fed_texts/fomc_minutes_statements/2021-08-18_824f2bfe480d.txt,5,19:00:00,False
09/21/2021,09/22/2021,Policy Statement,Policy Statement,https://www.federalreserve.gov/newsevents/pressreleases/monetary20210922a.htm,data/processed/fed_texts/fomc_minutes_statements/2021-09-22_88124e01463a.txt,2,19:00:00,True
09/21/2021,10/13/2021,Minutes,Minutes,https://www.federalreserve.gov/monetarypolicy/fomcminutes20210922.htm,data/processed/fed_texts/fomc_minutes_statements/2021-10-13_84fe63a117f6.txt,5,19:00:00,False
11/02/2021,11/03/2021,Policy Statement,Policy Statement,https://www.federalreserve.gov/newsevents/pressreleases/monetary20211103a.htm,data/processed/fed_texts/fomc_minutes_statements/2021-11-03_48deeb4ba3e3.txt,2,18:00:00,False
11/02/2021,11/24/2021,Minutes,Minutes,https://www.federalreserve.gov/monetarypolicy/fomcminutes20211103.htm,data/processed/fed_texts/fomc_minutes_statements/2021-11-24_4dc5da1ade37.txt,4,19:00:00,False
12/14/2021,12/15/2021,Policy Statement,Policy Statement,https://www.federalreserve.gov/newsevents/pressreleases/monetary20211215a.htm,data/processed/fed_texts/fomc_minutes_statements/2021-12-15_15abc405b19d.txt,2,19:00:00,False
12/14/2021,01/05/2022,Minutes,Minutes,https://www.federalreserve.gov/monetarypolicy/fomcminutes20211215.htm,data/processed/fed_texts/fomc_minutes_statements/2022-01-05_67dab03fecde.txt,5,19:00:00,False
01/25/2022,01/26/2022,Policy Statement,Policy Statement,https://www.federalreserve.gov/newsevents/pressreleases/monetary20220126a.htm,data/processed/fed_texts/fomc_minutes_statements/2022-01-26_491c72687dba.txt,2,19:00:00,False
01/25/2022,02/16/2022,Minutes,Minutes,https://www.federalreserve.gov/monetarypolicy/fomcminutes20220126.htm,data/processed/fed_texts/fomc_minutes_statements/2022-02-16_73778280b2fe.txt,13,19:00:00,False
03/15/2022,03/16/2022,Policy Statement,Policy Statement,https://www.federalreserve.gov/newsevents/pressreleases/monetary20220316a.htm,data/processed/fed_texts/fomc_minutes_statements/2022-03-16_fd594efa6f03.txt,2,18:00:00,False
03/15/2022,04/06/2022,Minutes,Minutes,https://www.federalreserve.gov/monetarypolicy/fomcminutes20220316.htm,data/processed/fed_texts/fomc_minutes_statements/2022-04-06_9055d6b03bf1.txt,4,19:00:00,False
05/03/2022,05/04/2022,Policy Statement,Policy Statement,https://www.federalreserve.gov/newsevents/pressreleases/monetary20220504a.htm,data/processed/fed_texts/fomc_minutes_statements/2022-05-04_c5ed059a410c.txt,3,19:00:00,False
05/03/2022,05/25/2022,Minutes,Minutes,https://www.federalreserve.gov/monetarypolicy/fomcminutes20220504.htm,data/processed/fed_texts/fomc_minutes_statements/2022-05-25_9226ba3021cd.txt,3,19:00:00,False
06/14/2022,06/15/2022,Policy Statement,Policy Statement,https://www.federalreserve.gov/newsevents/pressreleases/monetary20220615a.htm,data/processed/fed_texts/fomc_minutes_statements/2022-06-15_cdf329b50b6e.txt,2,19:00:00,False
06/14/2022,07/06/2022,Minutes,Minutes,https://www.federalreserve.gov/monetarypolicy/fomcminutes20220615.htm,data/processed/fed_texts/fomc_minutes_statements/2022-07-06_ae86719f5d3d.txt,4,19:00:00,False
07/26/2022,07/27/2022,Policy Statement,Policy Statement,https://www.federalreserve.gov/newsevents/pressreleases/monetary20220727a.htm,data/processed/fed_texts/fomc_minutes_statements/2022-07-27_d00a5ebb4c01.txt,2,19:00:00,False
07/26/2022,08/17/2022,Minutes,Minutes,https://www.federalreserve.gov/monetarypolicy/fomcminutes20220727.htm,data/processed/fed_texts/fomc_minutes_statements/2022-08-17_21e307af662f.txt,4,19:00:00,False
09/20/2022,09/21/2022,Policy Statement,Policy Statement,https://www.federalreserve.gov/newsevents/pressreleases/monetary20220921a.htm,data/processed/fed_texts/fomc_minutes_statements/2022-09-21_5fd7d355741d.txt,2,19:00:00,False
09/20/2022,10/12/2022,Minutes,Minutes,https://www.federalreserve.gov/monetarypolicy/fomcminutes20220921.htm,data/processed/fed_texts/fomc_minutes_statements/2022-10-12_bdd9eed40190.txt,4,19:00:00,False
11/01/2022,11/02/2022,Policy Statement,Policy Statement,https://www.federalreserve.gov/newsevents/pressreleases/monetary20221102a.htm,data/processed/fed_texts/fomc_minutes_statements/2022-11-02_cea498d1d706.txt,2,18:00:00,False
11/01/2022,11/23/2022,Minutes,Minutes,https://www.federalreserve.gov/monetarypolicy/fomcminutes20221102.htm,data/processed/fed_texts/fomc_minutes_statements/2022-11-23_9dc3b412fb7a.txt,4,19:00:00,False
12/13/2022,12/14/2022,Policy Statement,Policy Statement,https://www.federalreserve.gov/newsevents/pressreleases/monetary20221214a.htm,data/processed/fed_texts/fomc_minutes_statements/2022-12-14_438a6caa910b.txt,2,19:00:00,False
12/13/2022,01/04/2023,Minutes,Minutes,https://www.federalreserve.gov/monetarypolicy/fomcminutes20221214.htm,data/processed/fed_texts/fomc_minutes_statements/2023-01-04_44d0ea4cde43.txt,4,19:00:00,False
03/21/2023,03/22/2023,Policy Statement,Policy Statement,https://www.federalreserve.gov/newsevents/pressreleases/monetary20230322a.htm,data/processed/fed_texts/fomc_minutes_statements/2023-03-22_f7c495108e20.txt,2,18:00:00,False
03/21/2023,04/12/2023,Minutes,Minutes,https://www.federalreserve.gov/monetarypolicy/fomcminutes20230322.htm,data/processed/fed_texts/fomc_minutes_statements/2023-04-12_267f5f356126.txt,4,19:00:00,False
05/02/2023,05/03/2023,Policy Statement,Policy Statement,https://www.federalreserve.gov/newsevents/pressreleases/monetary20230503a.htm,data/processed/fed_texts/fomc_minutes_statements/2023-05-03_3f2087885646.txt,2,19:00:00,False
05/02/2023,05/24/2023,Minutes,Minutes,https://www.federalreserve.gov/monetarypolicy/fomcminutes20230503.htm,data/processed/fed_texts/fomc_minutes_statements/2023-05-24_49ca3af9a585.txt,4,19:00:00,False
06/13/2023,06/14/2023,Policy Statement,Policy Statement,https://www.federalreserve.gov/newsevents/pressreleases/monetary20230614a.htm,data/processed/fed_texts/fomc_minutes_statements/2023-06-14_6c1d3773abcf.txt,2,19:00:00,False
06/13/2023,07/05/2023,Minutes,Minutes,https://www.federalreserve.gov/monetarypolicy/fomcminutes20230614.htm,data/processed/fed_texts/fomc_minutes_statements/2023-07-05_61d01bb59d56.txt,4,19:00:00,False
07/25/2023,07/26/2023,Policy Statement,Policy Statement,https://www.federalreserve.gov/newsevents/pressreleases/monetary20230726a.htm,data/processed/fed_texts/fomc_minutes_statements/2023-07-26_dcdfd9350123.txt,2,19:00:00,False
07/25/2023,08/16/2023,Minutes,Minutes,https://www.federalreserve.gov/monetarypolicy/fomcminutes20230726.htm,data/processed/fed_texts/fomc_minutes_statements/2023-08-16_6edf1be4663d.txt,4,19:00:00,False
09/19/2023,09/20/2023,Policy Statement,Policy Statement,https://www.federalreserve.gov/newsevents/pressreleases/monetary20230920a.htm,data/processed/fed_texts/fomc_minutes_statements/2023-09-20_c86714b37e58.txt,2,19:00:00,False
09/19/2023,10/11/2023,Minutes,Minutes,https://www.federalreserve.gov/monetarypolicy/fomcminutes20230920.htm,data/processed/fed_texts/fomc_minutes_statements/2023-10-11_af5ec092afca.txt,4,19:00:00,False
12/12/2023,12/13/2023,Policy Statement,Policy Statement,https://www.federalreserve.gov/newsevents/pressreleases/monetary20231213a.htm,data/processed/fed_texts/fomc_minutes_statements/2023-12-13_dab17b6e5fae.txt,2,19:00:00,False
12/12/2023,01/03/2024,Minutes,Minutes,https://www.federalreserve.gov/monetarypolicy/fomcminutes20231213.htm,data/processed/fed_texts/fomc_minutes_statements/2024-01-03_067ca351c026.txt,4,19:00:00,False
01/30/2024,01/31/2024,Policy Statement,Policy Statement,https://www.federalreserve.gov/newsevents/pressreleases/monetary20240131a.htm,data/processed/fed_texts/fomc_minutes_statements/2024-01-31_d2bece16c41b.txt,2,19:00:00,False
01/30/2024,02/21/2024,Minutes,Minutes,https://www.federalreserve.gov/monetarypolicy/fomcminutes20240131.htm,data/processed/fed_texts/fomc_minutes_statements/2024-02-21_dda7d230d6b2.txt,5,19:00:00,False
03/19/2024,03/20/2024,Policy Statement,Policy Statement,https://www.federalreserve.gov/newsevents/pressreleases/monetary20240320a.htm,data/processed/fed_texts/fomc_minutes_statements/2024-03-20_bab9b3d5e509.txt,2,18:00:00,False
03/19/2024,04/10/2024,Minutes,Minutes,https://www.federalreserve.gov/monetarypolicy/fomcminutes20240320.htm,data/processed/fed_texts/fomc_minutes_statements/2024-04-10_1fece220ed27.txt,4,19:00:00,False
05/30/2024,05/01/2024,Policy Statement,Policy Statement,https://www.federalreserve.gov/newsevents/pressreleases/monetary20240501a.htm,data/processed/fed_texts/fomc_minutes_statements/2024-05-01_b02a64d82ed9.txt,2,19:00:00,False
05/30/2024,05/22/2024,Minutes,Minutes,https://www.federalreserve.gov/monetarypolicy/fomcminutes20240501.htm,data/processed/fed_texts/fomc_minutes_statements/2024-05-22_f9d870eec37b.txt,5,19:00:00,False
06/11/2024,06/12/2024,Policy Statement,Policy Statement,https://www.federalreserve.gov/newsevents/pressreleases/monetary20240612a.htm,data/processed/fed_texts/fomc_minutes_statements/2024-06-12_defe8350ca89.txt,2,19:00:00,False
06/11/2024,07/03/2024,Minutes,Minutes,https://www.federalreserve.gov/monetarypolicy/fomcminutes20240612.htm,data/processed/fed_texts/fomc_minutes_statements/2024-07-03_7b2ad82431e0.txt,4,19:00:00,False
07/30/2024,07/31/2024,Policy Statement,Policy Statement,https://www.federalreserve.gov/newsevents/pressreleases/monetary20240731a.htm,data/processed/fed_texts/fomc_minutes_statements/2024-07-31_03d3b0740efa.txt,2,19:00:00,False
07/30/2024,08/21/2024,Minutes,Minutes,https://www.federalreserve.gov/monetarypolicy/fomcminutes20240731.htm,data/processed/fed_texts/fomc_minutes_statements/2024-08-21_7545319951e3.txt,4,19:00:00,False
09/17/2024,09/18/2024,Policy Statement,Policy Statement,https://www.federalreserve.gov/newsevents/pressreleases/monetary20240918a.htm,data/processed/fed_texts/fomc_minutes_statements/2024-09-18_bfc1dd2d2dcf.txt,2,19:00:00,False
09/17/2024,10/09/2024,Minutes,Minutes,https://www.federalreserve.gov/monetarypolicy/fomcminutes20240918.htm,data/processed/fed_texts/fomc_minutes_statements/2024-10-09_9a3433819c06.txt,4,19:00:00,False
11/06/2024,11/07/2024,Policy Statement,Policy Statement,https://www.federalreserve.gov/newsevents/pressreleases/monetary20241107a.htm,data/processed/fed_texts/fomc_minutes_statements/2024-11-07_7ed7e931f04e.txt,2,19:00:00,False
11/06/2024,11/26/2024,Minutes,Minutes,https://www.federalreserve.gov/monetarypolicy/fomcminutes20241107.htm,data/processed/fed_texts/fomc_minutes_statements/2024-11-26_9e66d1c8bf91.txt,3,19:00:00,False
12/17/2024,12/18/2024,Policy Statement,Policy Statement,https://www.federalreserve.gov/newsevents/pressreleases/monetary20241218a.htm,data/processed/fed_texts/fomc_minutes_statements/2024-12-18_10d2002a31fa.txt,2,19:00:00,False
12/17/2024,01/08/2025,Minutes,Minutes,https://www.federalreserve.gov/monetarypolicy/fomcminutes20241218.htm,data/processed/fed_texts/fomc_minutes_statements/2025-01-08_992da71dd067.txt,4,19:00:00,False
01/28/2025,01/29/2025,Policy Statement,Policy Statement,https://www.federalreserve.gov/newsevents/pressreleases/monetary20250129a.htm,data/processed/fed_texts/fomc_minutes_statements/2025-01-29_ac319d30376f.txt,2,19:00:00,False
01/28/2025,02/19/2025,Minutes,Minutes,https://www.federalreserve.gov/monetarypolicy/fomcminutes20250129.htm,data/processed/fed_texts/fomc_minutes_statements/2025-02-19_0e4ddaa60b51.txt,5,19:00:00,False
03/18/2025,03/19/2025,Policy Statement,Policy Statement,https://www.federalreserve.gov/newsevents/pressreleases/monetary20250319a.htm,data/processed/fed_texts/fomc_minutes_statements/2025-03-19_1a706f43ea4b.txt,2,18:00:00,True
03/18/2025,04/09/2025,Minutes,Minutes,https://www.federalreserve.gov/monetarypolicy/fomcminutes20250319.htm,data/processed/fed_texts/fomc_minutes_statements/2025-04-09_bf82bb220b96.txt,4,19:00:00,False
05/06/2025,05/07/2025,Policy Statement,Policy Statement,https://www.federalreserve.gov/newsevents/pressreleases/monetary20250507a.htm,data/processed/fed_texts/fomc_minutes_statements/2025-05-07_eaca4ff4d2ae.txt,2,19:00:00,False
05/06/2025,05/28/2025,Minutes,Minutes,https://www.federalreserve.gov/monetarypolicy/fomcminutes20250507.htm,data/processed/fed_texts/fomc_minutes_statements/2025-05-28_2afb8a5cfdcc.txt,4,19:00:00,False
06/17/2025,06/18/2025,Policy Statement,Policy Statement,https://www.federalreserve.gov/newsevents/pressreleases/monetary20250618a.htm,data/processed/fed_texts/fomc_minutes_statements/2025-06-18_8be535754143.txt,2,19:00:00,False
06/17/2025,07/09/2025,Minutes,Minutes,https://www.federalreserve.gov/monetarypolicy/fomcminutes20250618.htm,data/processed/fed_texts/fomc_minutes_statements/2025-07-09_93ed65ca2806.txt,4,19:00:00,False
07/29/2025,07/30/2025,Policy Statement,Policy Statement,https://www.federalreserve.gov/newsevents/pressreleases/monetary20250730a.htm,data/processed/fed_texts/fomc_minutes_statements/2025-07-30_34b1462177db.txt,2,19:00:00,False
07/29/2025,08/20/2025,Minutes,Minutes,https://www.federalreserve.gov/monetarypolicy/fomcminutes20250730.htm,data/processed/fed_texts/fomc_minutes_statements/2025-08-20_364821eaa5df.txt,4,19:00:00,False
09/16/2025,09/17/2025,Policy Statement,Policy Statement,https://www.federalreserve.gov/newsevents/pressreleases/monetary20250917a.htm,data/processed/fed_texts/fomc_minutes_statements/2025-09-17_ddf50fefeb40.txt,2,19:00:00,False
09/16/2025,10/08/2025,Minutes,Minutes,https://www.federalreserve.gov/monetarypolicy/fomcminutes20250917.htm,data/processed/fed_texts/fomc_minutes_statements/2025-10-08_fc794bbade0a.txt,4,19:00:00,False
10/28/2025,10/29/2025,Policy Statement,Policy Statement,https://www.federalreserve.gov/newsevents/pressreleases/monetary20251029a.htm,data/processed/fed_texts/fomc_minutes_statements/2025-10-29_8b2399dcbf43.txt,2,18:00:00,True
10/28/2025,11/19/2025,Minutes,Minutes,https://www.federalreserve.gov/monetarypolicy/fomcminutes20251029.htm,data/processed/fed_texts/fomc_minutes_statements/2025-11-19_468a0e411e83.txt,3,19:00:00,False
12/09/2025,12/10/2025,Policy Statement,Policy Statement,https://www.federalreserve.gov/newsevents/pressreleases/monetary20251210a.htm,data/processed/fed_texts/fomc_minutes_statements/2025-12-10_e6002739c833.txt,2,19:00:00,False
12/09/2025,12/30/2025,Minutes,Minutes,https://www.federalreserve.gov/monetarypolicy/fomcminutes20251210.htm,data/processed/fed_texts/fomc_minutes_statements/2025-12-30_85f9d117ade3.txt,3,19:00:00,False
