Date,btc_close,btc_r0,btc_r1,btc_r2,btc_r3,btc_r5,btc_r7,btc_r9,spx_close,spx_r0,spx_r1,spx_r2,spx_r3,spx_r5,spx_r7,spx_r9,zt_close,zt_r0,zt_r1,zt_r2,zt_r3,zt_r5,zt_r7,zt_r9,NFCI,mps,MPS_ORTH,MP_median,CBI_median,s_Overall,s_Households,s_Firms,s_Financial_Sector,s_Government,s_Central_Bank
2012-02-15,4.69,-0.042,-0.081,-0.046,-0.145,-0.097,-0.081,0.012,1343.23,-0.005,0.006,0.008,0.008,0.008,0.005,0.011,110.234,0.0,-0.0,0.0,0.0,0.0,0.0,-0.0,-0.381,-0.012,-0.035,-0.027,0.009,-0.197,-0.357,-0.294,-0.07,-0.647,-0.096
2012-04-03,4.99,-0.01,-0.006,-0.008,-0.01,-0.057,-0.049,-0.022,1413.38,-0.004,-0.014,-0.015,-0.015,-0.015,-0.043,-0.022,110.008,-0.001,-0.0,-0.0,-0.0,-0.0,0.001,0.001,-0.436,0.022,-0.009,0.003,0.005,-0.118,-0.224,-0.043,0.143,-0.714,-0.308
2012-05-16,5.04,0.018,0.014,0.024,0.024,0.026,0.03,0.026,1324.8,-0.005,-0.02,-0.027,-0.027,-0.011,-0.009,-0.01,110.219,-0.0,-0.0,-0.0,-0.0,-0.0,-0.0,-0.0,-0.322,0.013,0.001,0.001,-0.001,-0.257,-0.125,-0.116,-0.13,-1.0,-0.488
2012-07-11,7.14,0.008,0.07,0.07,0.064,0.159,0.24,0.176,1341.45,0.0,-0.005,0.011,0.011,0.009,0.023,0.016,110.203,0.0,0.0,0.0,0.0,0.001,0.001,0.001,-0.3,0.029,0.034,0.01,0.007,-0.401,-0.296,-0.434,-0.478,-0.467,-0.385
2012-08-22,9.96,-0.003,0.003,0.037,0.056,0.076,0.076,0.017,1413.49,0.0,-0.008,-0.001,-0.001,-0.002,-0.002,-0.005,110.195,0.0,0.001,0.0,0.0,0.001,0.0,0.001,-0.427,0.023,0.011,0.016,-0.003,-0.344,-0.436,-0.296,-0.163,-0.455,-0.487
2012-10-04,12.57,-0.026,-0.031,-0.04,-0.097,-0.073,-0.065,-0.085,1461.4,0.007,0.007,0.007,0.007,-0.007,-0.013,-0.016,110.25,-0.0,-0.001,-0.001,-0.001,-0.001,-0.001,-0.001,-0.529,0.024,-0.007,-0.028,0.044,-0.333,-0.32,-0.455,-0.154,-0.857,-0.277
2012-11-14,10.97,0.009,0.016,0.053,0.062,0.069,0.071,0.112,1355.49,-0.014,-0.016,-0.011,-0.011,0.009,0.012,0.025,110.25,0.0,0.0,0.0,0.0,0.0,-0.0,-0.0,-0.548,0.009,-0.007,0.0,-0.0,-0.29,0.048,-0.509,-0.163,-0.556,-0.436
2013-01-03,13.19,0.008,0.008,0.005,0.005,0.031,0.067,0.059,1459.37,-0.002,0.003,0.003,0.003,-0.004,0.007,0.007,110.195,-0.0,-0.0,-0.0,-0.0,0.0,0.0,0.0,-0.601,0.004,-0.012,-0.025,0.021,-0.33,-0.115,-0.286,-0.417,-0.5,-0.44
2013-02-20,30.0,0.021,0.021,0.034,0.005,0.035,0.063,0.162,1511.95,-0.012,-0.019,-0.01,-0.01,-0.029,-0.01,-0.008,110.203,0.0,0.0,0.0,0.0,0.001,0.001,0.001,-0.651,0.006,-0.014,0.003,-0.006,-0.146,0.024,-0.208,-0.059,-0.059,-0.368
2013-04-10,162.0,-0.346,-1.01,-0.734,-0.916,-1.129,-0.934,-0.665,1587.73,0.012,0.016,0.013,0.013,-0.01,-0.011,-0.009,110.25,-0.0,-0.0,0.0,0.0,0.0,0.0,0.0,-0.672,0.012,-0.012,-0.006,0.007,-0.249,0.0,-0.05,-0.382,-0.556,-0.37
2013-05-22,119.11,0.016,0.055,0.093,0.095,0.074,0.106,0.087,1655.35,-0.008,-0.011,-0.012,-0.012,-0.012,-0.013,-0.023,110.234,-0.0,-0.0,-0.0,-0.0,-0.0,-0.001,-0.001,-0.718,,,,,-0.17,0.116,-0.273,0.0,-0.6,-0.421
2013-07-10,86.19,0.139,0.15,0.184,0.201,0.223,0.193,0.143,1652.62,0.001,0.014,0.017,0.017,0.019,0.018,0.024,109.977,0.0,0.001,0.001,0.001,0.001,0.002,0.002,-0.631,0.011,-0.0,0.006,-0.001,-0.242,0.228,-0.156,-0.455,-0.231,-0.6
2013-08-21,110.43,0.052,0.04,0.026,0.04,0.065,0.117,0.174,1642.8,-0.005,0.004,0.008,0.008,0.004,-0.01,-0.011,110.055,-0.0,-0.001,-0.001,-0.001,-0.001,-0.001,-0.0,-0.674,0.006,0.005,-0.0,-0.004,-0.105,0.319,-0.128,-0.268,-0.231,-0.32
2013-10-09,125.9,0.011,0.018,0.023,0.028,0.084,0.1,0.205,1656.4,-0.0,0.021,0.028,0.028,0.032,0.038,0.051,110.078,0.001,0.001,0.001,0.001,0.0,0.001,0.001,-0.688,-0.004,-0.01,-0.067,0.052,-0.358,-0.176,-0.333,-0.422,-0.231,-0.529
2013-11-20,599.0,0.111,0.295,0.394,0.436,0.423,0.587,0.748,1781.37,-0.005,0.003,0.008,0.008,0.007,0.01,0.009,110.281,0.0,0.0,0.0,0.0,0.0,0.0,0.0,-0.759,0.009,-0.011,0.018,-0.016,-0.347,-0.143,-0.226,-0.312,-0.619,-0.469
2014-01-08,823.45,0.048,0.049,0.083,0.133,0.047,0.069,0.015,1837.49,-0.0,0.0,0.002,0.002,-0.01,0.006,0.0,109.828,-0.001,-0.001,0.0,0.0,0.001,0.0,0.0,-0.778,0.012,-0.014,-0.044,0.046,-0.182,-0.016,0.143,-0.333,0.143,-0.564
2014-02-19,623.01,-0.007,-0.111,-0.077,-0.027,-0.159,-0.07,-0.129,1828.75,-0.006,0.0,-0.001,-0.001,0.005,0.003,0.011,110.125,-0.0,-0.0,-0.0,-0.0,-0.0,0.0,0.0,-0.769,0.008,0.011,0.025,-0.022,-0.128,-0.185,0.294,0.045,-0.25,-0.5
2014-04-09,441.69,-0.027,-0.222,-0.07,-0.069,0.011,0.156,0.063,1872.18,0.01,-0.011,-0.02,-0.02,-0.012,0.005,0.007,109.922,0.0,0.001,0.001,0.001,0.001,0.001,0.0,-0.775,0.025,0.004,0.02,-0.004,-0.367,-0.323,-0.333,0.118,-0.714,-0.725
2014-05-21,493.98,0.01,0.08,0.069,0.078,0.174,0.172,0.239,1888.03,0.008,0.01,0.014,0.014,0.014,0.019,0.026,110.109,0.0,-0.0,0.0,0.0,0.0,0.0,0.0,-0.779,0.012,-0.006,-0.0,0.002,-0.235,-0.273,0.0,-0.257,-0.333,-0.429
2014-07-09,621.97,-0.003,-0.011,0.018,0.022,-0.005,-0.011,0.014,1972.83,0.004,-0.0,0.001,0.001,0.006,0.008,0.007,109.68,0.0,0.001,0.001,0.001,0.001,0.0,0.0,-0.774,0.017,0.012,-0.015,0.022,-0.157,0.062,-0.143,0.0,-0.429,-0.429
2014-08-20,516.39,0.048,0.054,0.045,0.01,0.024,0.04,0.035,1986.51,0.003,0.006,0.004,0.004,0.009,0.01,0.012,109.82,-0.001,-0.001,-0.001,-0.001,-0.001,-0.001,-0.0,-0.726,0.003,-0.003,-0.026,0.021,-0.211,-0.094,0.048,-0.1,-0.429,-0.567
2014-10-08,355.73,0.061,0.084,0.075,0.078,0.159,0.164,0.136,1968.89,0.017,-0.004,-0.015,-0.015,-0.032,-0.038,-0.026,109.719,0.001,0.001,0.001,0.001,0.002,0.004,0.003,-0.658,0.025,0.037,-0.008,0.022,-0.294,-0.018,0.05,-0.189,-0.556,-0.692
2014-11-19,379.03,0.011,-0.05,-0.065,-0.06,0.003,-0.017,0.005,2048.72,-0.001,0.001,0.006,0.006,0.009,0.011,0.008,109.773,-0.0,0.0,0.0,0.0,0.0,0.001,0.001,-0.657,0.033,0.048,0.028,-0.006,-0.298,0.023,-0.116,-0.357,-0.143,-0.627
2015-01-07,276.8,0.0,0.0,0.06,-0.004,-0.034,-0.479,-0.286,2025.9,0.01,0.028,0.019,0.019,0.011,0.003,0.007,109.453,0.0,0.001,0.001,0.001,0.002,0.003,0.003,-0.55,-0.053,-0.04,-0.069,0.019,-0.276,0.019,-0.227,-0.29,-1.0,-0.529
2015-02-18,237.37,-0.03,-0.017,0.004,0.003,-0.02,-0.027,0.033,2099.68,0.0,-0.001,0.005,0.005,0.005,0.007,0.003,109.641,0.001,0.001,0.0,0.0,0.001,0.002,0.002,-0.511,-0.001,0.019,0.012,-0.018,-0.339,-0.094,-0.32,-0.286,-0.667,-0.583
2015-04-08,244.58,-0.037,-0.041,-0.072,-0.072,-0.128,-0.13,-0.131,2081.9,0.002,0.007,0.012,0.012,0.007,0.014,0.002,109.648,-0.0,-0.0,-0.001,-0.001,-0.0,0.0,0.001,-0.54,-0.065,-0.055,-0.116,0.053,-0.269,0.111,-0.444,-0.136,-0.8,-0.467
2015-05-20,234.43,0.013,0.015,0.032,0.027,0.018,0.016,0.02,2125.85,-0.001,0.001,-0.001,-0.001,-0.001,-0.002,-0.01,109.672,0.0,0.001,-0.0,-0.0,-0.0,0.0,0.001,-0.547,0.006,0.018,-0.005,0.005,-0.38,-0.018,-0.684,-0.135,-1.0,-0.491
2015-07-08,270.63,0.018,0.012,0.071,0.093,0.097,0.073,0.05,2046.68,-0.015,-0.013,-0.001,-0.001,0.011,0.014,0.023,109.695,0.001,0.0,-0.001,-0.001,-0.001,-0.0,-0.001,-0.535,-0.038,-0.051,-0.041,-0.001,-0.188,0.254,-0.233,-0.429,-0.667,-0.464
2015-08-19,226.92,0.013,0.05,0.041,0.031,-0.066,0.008,0.034,2079.61,-0.008,-0.029,-0.061,-0.061,-0.102,-0.077,-0.052,109.562,0.001,0.001,0.002,0.002,0.003,0.002,0.001,-0.46,-0.003,0.02,-0.012,0.003,-0.247,0.22,-0.469,-0.297,-0.75,-0.365
2015-10-08,242.9,-0.002,0.004,0.009,0.019,0.025,0.044,0.104,2013.43,0.01,0.01,0.01,0.01,0.005,0.015,0.019,109.547,-0.0,-0.0,-0.0,-0.0,0.0,0.001,0.0,-0.414,-0.058,-0.037,-0.043,-0.027,-0.299,0.212,-0.469,-0.571,-0.667,-0.56
2015-11-18,335.65,-0.001,-0.03,-0.042,-0.029,-0.038,-0.021,0.061,2083.58,0.015,0.014,0.018,0.018,0.017,0.018,0.018,109.102,-0.0,-0.001,-0.001,-0.001,-0.001,-0.001,-0.001,-0.467,0.053,0.063,0.056,-0.016,-0.296,-0.115,-0.176,-0.227,-0.4,-0.68
2016-01-06,429.56,-0.007,0.055,0.046,0.037,0.035,0.0,-0.183,1990.26,-0.011,-0.035,-0.046,-0.046,-0.045,-0.062,-0.068,108.766,0.001,0.001,0.002,0.002,0.002,0.003,0.004,-0.344,0.029,0.039,0.004,0.02,-0.312,0.115,-0.484,-0.333,-0.455,-0.569
2016-02-17,415.54,0.02,0.033,0.029,0.064,0.073,0.039,0.058,1926.82,0.015,0.01,0.01,0.01,0.024,0.016,0.026,109.391,-0.001,-0.0,-0.001,-0.001,-0.001,-0.001,-0.002,-0.294,-0.023,-0.008,0.008,-0.035,-0.448,0.111,-0.529,-0.564,-0.714,-0.792
2016-04-06,421.03,-0.004,-0.006,-0.012,-0.011,-0.0,0.003,0.016,2066.66,0.01,-0.002,0.001,0.001,-0.002,0.018,0.017,109.352,-0.0,0.0,0.0,0.0,0.0,-0.001,-0.0,-0.377,-0.082,-0.085,-0.058,-0.027,-0.312,-0.046,-0.474,-0.19,-0.6,-0.538
2016-05-18,452.92,-0.0,-0.037,-0.023,-0.022,-0.022,-0.009,0.041,2047.63,0.002,-0.002,0.004,0.004,0.002,0.022,0.026,109.023,-0.001,-0.001,-0.001,-0.001,-0.001,-0.001,-0.001,-0.382,0.018,0.001,-0.009,0.02,-0.189,0.303,-0.444,-0.103,-0.6,-0.542
2016-07-06,674.7,0.008,-0.047,-0.009,-0.032,-0.03,-0.021,-0.007,2099.73,0.007,0.006,0.022,0.022,0.025,0.032,0.036,109.648,-0.001,-0.001,-0.001,-0.001,-0.002,-0.002,-0.003,-0.345,-0.04,-0.042,-0.019,-0.024,-0.283,-0.128,-0.276,-0.12,-0.429,-0.727
2016-08-17,570.91,-0.007,-0.006,-0.004,0.005,0.014,0.005,0.007,2182.22,0.002,0.004,0.003,0.003,0.002,-0.001,-0.004,109.328,0.0,0.001,-0.0,-0.0,0.0,-0.0,-0.002,-0.361,0.016,0.003,-0.01,0.015,-0.289,-0.026,-0.311,-0.357,-1.0,-0.488
2016-10-12,634.5,-0.006,-0.007,-0.0,-0.004,-0.002,-0.016,-0.015,2139.18,0.001,-0.002,-0.002,-0.002,-0.005,0.003,0.002,108.961,-0.0,0.001,0.001,0.001,0.001,0.001,0.001,-0.345,-0.023,-0.019,-0.035,-0.0,-0.171,0.026,-0.236,0.0,-1.0,-0.4
2016-11-23,740.18,-0.012,-0.018,-0.016,-0.026,-0.026,-0.009,0.027,2204.72,0.003,0.003,0.007,0.007,0.001,0.0,-0.003,108.609,-0.001,-0.001,-0.001,-0.001,-0.0,-0.0,0.0,-0.418,0.012,0.013,-0.002,0.005,-0.196,0.049,-0.176,-0.286,-0.143,-0.429
2017-01-04,1114.92,0.074,-0.03,-0.147,-0.133,-0.144,-0.285,-0.226,2270.75,0.004,0.003,0.007,0.007,0.003,0.006,0.006,108.25,-0.0,0.001,0.0,0.0,0.001,0.001,0.001,-0.467,0.047,0.038,0.033,0.004,-0.259,0.118,-0.393,-0.122,-0.684,-0.525
2017-04-05,1134.58,-0.007,0.041,0.041,0.035,0.056,0.059,0.024,2352.95,-0.006,-0.004,-0.005,-0.005,-0.004,-0.009,-0.016,108.258,0.0,0.0,-0.001,-0.001,-0.0,0.001,0.001,-0.48,-0.051,-0.045,-0.04,-0.007,-0.312,0.175,-0.373,-0.261,-0.889,-0.564
2017-05-24,2420.29,0.066,0.012,0.006,-0.104,0.011,0.014,0.094,2404.39,0.001,0.006,0.006,0.006,0.006,0.004,0.016,108.328,0.0,0.0,0.0,0.0,0.0,0.001,0.001,-0.536,0.021,0.039,0.005,0.009,-0.186,0.079,-0.164,-0.2,-1.0,-0.349
2017-07-05,2602.9,0.003,0.002,-0.037,-0.017,-0.11,-0.083,-0.159,2432.54,0.001,-0.009,-0.002,-0.002,-0.001,0.005,0.012,107.977,-0.0,0.0,-0.0,-0.0,0.0,0.001,0.001,-0.569,0.029,0.034,0.012,0.007,-0.244,0.0,-0.273,0.0,-1.0,-0.44
2017-08-16,4378.84,0.052,0.029,-0.013,-0.013,-0.041,-0.011,0.047,2468.11,-0.0,-0.016,-0.018,-0.018,-0.016,-0.01,-0.01,108.219,0.0,0.001,0.001,0.001,0.001,0.001,0.0,-0.569,-0.003,-0.015,-0.008,-0.005,-0.244,0.018,-0.13,-0.377,-0.556,-0.423
2017-10-11,4822.01,0.015,0.137,0.175,0.2,0.191,0.162,0.23,2555.24,0.002,0.0,0.001,0.001,0.003,0.004,0.01,107.758,-0.0,0.0,0.0,0.0,-0.001,-0.001,-0.001,-0.577,0.058,0.063,0.03,0.012,-0.253,-0.065,-0.171,-0.179,-0.818,-0.492
2018-01-03,15155.62,0.033,0.032,0.143,0.156,0.022,0.015,-0.063,2713.06,0.006,0.01,0.017,0.017,0.018,0.019,0.032,106.969,-0.0,-0.001,-0.001,-0.001,-0.001,-0.001,-0.001,-0.617,0.001,-0.002,-0.007,0.002,-0.005,0.346,0.064,0.03,-0.167,-0.368
2018-02-21,10449.4,-0.072,-0.132,-0.1,-0.148,-0.084,-0.085,-0.018,2701.33,-0.007,-0.006,0.01,0.01,0.021,-0.002,-0.011,106.477,-0.0,0.0,0.0,0.0,0.001,0.0,0.001,-0.56,0.016,0.003,0.009,-0.004,-0.19,-0.016,-0.28,-0.05,-0.333,-0.333
2018-04-11,6940.94,0.017,0.149,0.146,0.159,0.165,0.18,0.261,2642.19,-0.001,0.008,0.005,0.005,0.013,0.024,0.01,106.266,0.0,-0.001,-0.001,-0.001,-0.001,-0.002,-0.002,-0.502,0.004,0.0,-0.021,0.02,-0.212,0.148,-0.511,-0.419,0.059,-0.279
2018-05-23,7502.89,-0.062,-0.051,-0.066,-0.085,-0.116,-0.079,-0.061,2733.29,0.007,0.005,0.003,0.003,0.003,0.004,0.008,106.016,0.001,0.001,0.002,0.002,0.002,0.003,0.002,-0.566,0.002,0.018,-0.011,0.006,-0.27,0.185,-0.455,-0.4,-0.231,-0.391
2018-07-05,6533.69,-0.006,0.003,0.028,0.02,-0.043,-0.052,-0.052,2736.61,0.005,0.013,0.013,0.013,0.025,0.027,0.028,105.844,-0.0,0.0,0.0,0.0,-0.001,-0.001,-0.001,-0.539,0.029,0.027,0.017,0.001,-0.175,0.115,-0.184,-0.421,0.111,-0.348
2018-10-17,6437.29,-0.003,-0.01,-0.012,-0.007,-0.008,-0.007,-0.008,2809.21,-0.001,-0.015,-0.016,-0.016,-0.02,-0.057,-0.056,105.258,-0.0,-0.0,-0.001,-0.001,-0.001,0.001,0.002,-0.577,0.005,0.009,-0.013,0.014,-0.31,0.0,-0.475,-0.235,0.2,-0.6
2018-11-29,4249.8,0.007,-0.061,-0.019,-0.028,-0.078,-0.205,-0.216,2737.8,0.0,0.008,0.008,0.008,-0.014,-0.015,-0.039,105.469,-0.0,-0.0,-0.0,-0.0,-0.0,0.001,0.001,-0.481,0.017,0.02,-0.004,0.008,-0.292,-0.045,-0.455,-0.377,0.333,-0.333
2019-01-09,4002.13,0.002,-0.096,-0.095,-0.099,-0.086,-0.102,-0.101,2584.96,0.002,0.006,0.006,0.006,0.001,0.014,0.035,105.992,0.0,0.0,0.001,0.001,0.001,0.001,-0.001,-0.439,0.03,0.062,0.067,-0.044,-0.369,-0.042,-0.418,-0.418,-0.455,-0.536
2019-02-20,3936.53,0.012,0.003,0.013,0.056,-0.018,-0.024,-0.022,2784.7,0.002,-0.002,0.005,0.005,0.006,0.005,0.009,106.039,-0.0,-0.001,0.0,0.0,-0.0,-0.001,-0.001,-0.568,-0.02,-0.007,-0.058,0.033,-0.357,0.04,-0.49,-0.494,-0.333,-0.381
2019-04-10,5323.47,0.027,-0.028,-0.021,-0.023,-0.031,0.01,0.02,2888.21,0.002,0.002,0.009,0.009,0.008,0.007,0.008,106.43,0.0,-0.0,-0.001,-0.001,-0.001,-0.001,-0.001,-0.61,-0.027,-0.007,-0.046,0.014,-0.353,-0.222,-0.406,-0.161,-0.529,-0.506
2019-05-22,7624.95,-0.042,-0.009,0.006,0.014,0.098,0.086,0.073,2856.27,0.0,-0.012,-0.011,-0.011,-0.011,-0.026,-0.037,106.527,0.001,0.002,0.001,0.001,0.001,0.003,0.005,-0.597,,,,,-0.302,0.231,-0.544,-0.13,-0.6,-0.631
2019-07-10,12098.95,-0.039,-0.103,-0.063,-0.1,-0.148,-0.26,-0.177,2993.07,0.001,0.004,0.008,0.008,0.008,-0.002,-0.004,107.398,0.001,0.001,0.001,0.001,0.001,0.001,0.001,-0.579,-0.079,-0.043,-0.048,-0.02,-0.478,-0.174,-0.618,-0.302,0.0,-0.701
2019-08-21,10134.75,-0.062,-0.064,-0.036,-0.06,-0.04,-0.104,-0.118,2924.43,0.001,0.0,-0.026,-0.026,-0.015,-0.012,0.002,107.746,-0.001,-0.002,-0.001,-0.001,-0.001,-0.0,-0.001,-0.547,0.006,0.005,0.032,0.016,-0.261,0.193,-0.46,-0.138,0.4,-0.514
2019-10-09,8586.34,0.048,0.047,0.01,0.014,0.021,-0.023,-0.029,2919.4,0.003,0.009,0.02,0.02,0.019,0.027,0.025,107.992,-0.001,-0.002,-0.004,-0.004,-0.003,-0.003,-0.003,-0.515,0.044,0.052,0.038,-0.006,-0.465,-0.037,-0.652,-0.25,-0.778,-0.664
2019-11-20,8088.44,-0.004,-0.065,-0.109,-0.104,-0.132,-0.076,-0.047,3108.46,-0.002,-0.004,-0.001,-0.001,0.006,0.012,0.008,107.695,0.001,0.0,-0.0,-0.0,-0.0,-0.001,-0.001,-0.576,0.024,0.032,-0.002,0.016,-0.36,0.18,-0.607,-0.481,-0.4,-0.431
2020-01-03,7338.91,0.055,0.056,0.057,0.111,0.147,0.166,0.164,3234.85,0.003,0.003,0.003,0.006,0.008,0.012,0.012,107.832,0.001,0.001,0.001,0.001,-0.0,0.0,0.0,-0.568,0.005,0.008,-0.012,0.008,-0.281,0.012,-0.39,-0.122,-0.778,-0.547
2020-02-19,9595.72,-0.06,-0.058,-0.05,-0.053,-0.054,-0.149,-0.158,3386.15,0.002,-0.002,-0.013,-0.013,-0.047,-0.081,-0.135,107.965,-0.0,0.0,0.001,0.001,0.003,0.004,0.009,-0.536,0.014,0.025,0.003,0.006,-0.274,0.077,-0.444,-0.237,-0.667,-0.39
2020-03-15,5343.64,0.034,-0.026,0.03,0.045,0.184,0.118,0.27,2711.02,0.078,-0.05,0.008,-0.045,-0.085,-0.085,-0.025,109.738,-0.003,-0.001,-0.004,-0.004,-0.001,-0.001,-0.001,0.032,-0.213,,,,-0.444,-0.362,-0.661,-0.478,0.333,-0.309
2020-05-20,9516.51,-0.027,-0.076,-0.064,-0.063,-0.094,-0.06,-0.037,2971.61,0.006,-0.002,0.001,0.001,0.001,0.028,0.03,110.266,0.0,0.0,0.0,0.0,0.0,-0.0,0.0,-0.126,0.003,,0.004,-0.018,-0.37,-0.654,-0.887,-0.278,0.176,0.053
2020-07-01,9233.38,0.011,-0.005,-0.008,0.0,0.023,0.032,0.016,3115.86,0.003,0.008,0.008,0.008,0.023,0.02,0.025,110.379,-0.0,-0.0,-0.0,-0.0,-0.0,-0.0,-0.0,-0.386,0.005,,-0.036,0.034,-0.261,-0.288,-0.86,0.189,0.286,-0.463
2020-08-19,11757.55,-0.016,-0.008,-0.036,-0.024,-0.016,-0.041,-0.035,3374.85,-0.005,-0.002,0.001,0.001,0.011,0.025,0.033,110.414,0.0,0.0,-0.0,-0.0,-0.0,-0.0,0.0,-0.501,0.002,,-0.006,0.002,-0.285,-0.222,-0.585,-0.097,-0.294,-0.368
2020-10-07,10669.14,0.006,0.03,0.042,0.064,0.084,0.075,0.066,3419.44,0.01,0.018,0.027,0.027,0.043,0.03,0.029,110.406,-0.0,0.0,-0.0,-0.0,-0.0,0.0,0.0,-0.49,0.008,,-0.024,0.024,-0.196,-0.219,-0.071,0.056,-0.333,-0.507
2020-11-25,18732.43,-0.023,-0.111,-0.111,-0.078,0.027,0.003,-0.026,3629.65,-0.002,-0.002,0.001,0.001,-0.004,0.009,0.017,110.402,0.0,0.0,0.0,0.0,0.0,-0.0,0.0,-0.553,0.006,,-0.003,0.001,-0.294,-0.346,-0.263,-0.146,-0.9,-0.294
2021-01-06,36849.94,0.078,0.148,0.177,0.166,0.04,0.093,0.076,3748.14,0.01,0.024,0.03,0.03,0.023,0.026,0.015,110.426,-0.0,-0.0,-0.0,-0.0,-0.0,-0.0,-0.0,-0.61,0.01,,0.01,-0.009,-0.074,-0.167,-0.148,0.1,-0.273,-0.033
2021-02-17,52174.28,0.06,0.049,0.131,0.13,0.098,0.012,-0.059,3931.33,0.003,-0.001,-0.003,-0.003,-0.011,0.002,-0.028,110.5,0.0,0.0,0.0,0.0,0.0,0.0,-0.0,-0.623,0.006,0.031,0.021,-0.019,-0.249,-0.4,-0.444,-0.147,0.13,-0.171
2021-04-07,55932.83,-0.037,0.001,0.001,0.03,0.031,0.082,0.057,4079.95,0.001,0.006,0.013,0.013,0.013,0.012,0.027,110.379,0.0,0.0,0.0,0.0,-0.0,0.0,0.0,-0.656,0.0,-0.005,-0.036,0.028,-0.062,0.014,-0.073,-0.028,0.333,-0.288
2021-05-19,36780.43,-0.154,-0.054,-0.139,-0.135,-0.099,-0.087,-0.184,4115.68,0.004,0.015,0.014,0.014,0.024,0.024,0.025,110.391,-0.0,0.0,-0.0,-0.0,0.0,0.0,0.0,-0.689,0.006,-0.002,-0.006,0.001,-0.174,0.036,-0.434,-0.186,0.077,-0.176
2021-07-07,33882.47,-0.01,-0.04,-0.012,-0.021,-0.033,-0.042,-0.087,4358.13,0.002,-0.007,0.004,0.004,0.008,0.005,-0.005,110.242,0.0,0.0,0.0,0.0,-0.0,-0.0,-0.0,-0.681,0.028,-0.024,0.041,-0.018,-0.114,0.097,-0.206,0.093,-0.2,-0.446
2021-08-18,44721.13,0.002,0.047,0.101,0.091,0.105,0.094,0.095,4400.27,-0.009,-0.008,0.0,0.0,0.009,0.012,0.015,110.258,0.0,0.0,-0.0,-0.0,0.0,-0.0,0.0,-0.648,0.01,-0.038,-0.01,0.012,-0.281,-0.016,-0.5,-0.237,-0.778,-0.341
2021-10-13,57374.55,0.024,0.024,0.096,0.083,0.102,0.164,0.081,4363.8,0.001,0.018,0.026,0.026,0.029,0.04,0.042,109.828,-0.001,-0.0,-0.001,-0.001,-0.002,-0.001,-0.002,-0.652,0.008,0.021,-0.022,0.022,-0.285,-0.26,-0.467,-0.017,-0.636,-0.333
2021-11-24,57185.06,-0.007,0.024,-0.068,-0.05,0.005,-0.006,-0.069,4701.46,0.005,0.005,-0.018,-0.018,-0.004,-0.035,-0.03,109.48,-0.001,-0.001,0.001,0.001,0.002,0.001,0.0,-0.567,0.015,0.008,-0.011,0.017,-0.33,-0.224,-0.556,0.038,-0.5,-0.6
2022-01-05,43435.8,-0.054,-0.061,-0.098,-0.095,-0.091,-0.042,-0.061,4700.58,-0.018,-0.019,-0.023,-0.023,-0.025,-0.013,-0.026,108.887,-0.001,-0.002,-0.002,-0.002,-0.003,-0.003,-0.004,-0.556,0.058,0.066,-0.019,0.054,-0.279,0.016,-0.367,-0.133,-0.333,-0.5
2022-02-16,43901.48,-0.016,-0.095,-0.109,-0.106,-0.185,-0.179,-0.128,4475.01,0.004,-0.017,-0.024,-0.024,-0.024,-0.053,-0.016,107.656,0.001,0.002,0.002,0.002,0.002,0.0,0.001,-0.498,0.002,-0.001,0.009,-0.017,-0.336,0.061,-0.388,-0.375,-0.6,-0.571
2022-04-06,43191.59,-0.052,-0.046,-0.073,-0.062,-0.141,-0.101,-0.115,4481.15,-0.003,0.001,-0.001,-0.001,-0.018,-0.011,-0.023,105.551,0.0,0.001,0.0,0.0,0.001,0.004,0.002,-0.37,0.138,0.081,0.093,0.005,-0.472,0.0,-0.614,-0.493,-1.0,-0.6
2022-05-25,29510.15,-0.004,-0.015,-0.036,-0.021,0.069,0.005,0.001,3978.73,0.012,0.032,0.057,0.057,0.057,0.043,0.045,106.02,0.001,0.001,0.001,0.001,0.001,-0.002,-0.001,-0.281,-0.023,-0.047,-0.007,-0.025,-0.391,-0.043,-0.434,-0.415,-0.714,-0.506
2022-07-06,20547.45,0.019,0.071,0.068,0.068,-0.011,0.003,0.033,3845.08,0.003,0.018,0.017,0.017,0.006,-0.008,0.008,105.0,-0.002,-0.004,-0.006,-0.006,-0.004,-0.005,-0.005,-0.166,0.094,0.081,0.046,0.031,-0.531,-0.273,-0.552,-0.68,0.0,-0.622
2022-08-17,23340.0,-0.022,-0.028,-0.136,-0.121,-0.109,-0.11,-0.164,4274.04,-0.001,0.001,-0.012,-0.012,-0.034,-0.033,-0.053,104.531,-0.001,0.0,0.0,0.0,-0.001,-0.001,-0.002,-0.241,0.01,0.001,-0.006,0.0,-0.492,-0.313,-0.607,-0.536,-0.2,-0.552
2022-10-12,19157.0,0.005,0.016,0.006,0.0,0.025,0.003,0.005,3577.03,-0.004,0.022,-0.002,-0.002,0.024,0.029,0.044,102.566,0.0,-0.003,-0.004,-0.004,-0.002,-0.005,-0.003,-0.101,0.135,0.118,0.126,-0.034,-0.509,-0.311,-0.837,-0.458,1.0,-0.517
2022-11-23,16603.0,0.025,0.024,0.019,0.016,0.001,0.058,0.054,4027.26,0.007,0.007,0.006,0.006,-0.009,0.02,0.018,102.16,0.001,0.001,0.001,0.001,0.001,0.003,0.005,-0.175,-0.079,-0.082,-0.08,0.003,-0.6,-0.265,-0.636,-0.771,-0.429,-0.657
2023-01-04,16849.0,0.011,0.009,0.016,0.016,0.03,0.073,0.178,3852.97,0.003,-0.008,0.014,0.014,0.013,0.033,0.041,102.602,0.0,-0.001,0.002,0.002,0.004,0.003,0.003,-0.225,0.091,0.079,0.111,-0.024,-0.414,-0.438,-0.56,-0.2,1.0,-0.508
2023-04-12,29903.0,-0.012,0.005,0.008,0.003,-0.027,-0.048,-0.104,4091.95,-0.007,0.006,0.004,0.004,0.007,0.008,0.003,103.398,0.001,0.001,-0.002,-0.002,-0.003,-0.005,-0.003,-0.158,-0.06,-0.056,-0.031,0.003,-0.532,-0.136,-0.742,-0.596,-0.333,-0.636
2023-05-24,26325.0,-0.034,-0.028,-0.019,-0.013,0.019,-0.0,0.001,4115.24,-0.004,0.004,0.017,0.017,0.017,0.011,0.036,102.383,-0.001,-0.004,-0.006,-0.006,-0.006,-0.002,-0.004,-0.213,0.031,0.05,0.002,0.016,-0.5,-0.347,-0.641,-0.537,0.0,-0.5
2023-07-05,30501.0,-0.009,-0.028,-0.014,-0.016,-0.011,-0.013,-0.014,4446.82,0.001,-0.007,-0.01,-0.01,-0.007,0.007,0.014,101.527,-0.0,-0.002,-0.0,-0.0,0.001,0.003,0.003,-0.23,0.098,0.081,0.068,-0.015,-0.392,-0.169,-0.579,-0.407,0.429,-0.623
2023-08-16,28701.0,-0.016,-0.091,-0.113,-0.111,-0.11,-0.099,-0.113,4404.33,-0.007,-0.014,-0.015,-0.015,-0.008,0.001,-0.006,101.309,-0.0,-0.0,0.0,0.0,-0.001,0.0,-0.002,-0.316,0.014,0.001,-0.003,0.007,-0.4,-0.362,-0.394,-0.429,0.0,-0.429
2023-10-11,26874.0,-0.019,-0.024,-0.019,-0.02,0.04,0.034,0.08,4376.95,0.002,-0.004,-0.009,-0.009,0.002,-0.012,-0.033,101.422,-0.001,-0.002,-0.002,-0.002,-0.002,-0.005,-0.002,-0.305,0.087,0.087,0.036,0.016,-0.396,-0.207,-0.444,-0.348,0.0,-0.6
2024-01-03,42865.0,-0.048,-0.018,-0.018,-0.022,0.044,0.037,-0.05,4704.81,-0.004,-0.008,-0.006,-0.006,0.008,0.012,0.012,102.812,0.0,-0.001,-0.002,-0.002,-0.001,-0.001,0.003,-0.369,-0.082,-0.057,-0.065,0.013,-0.429,-0.255,-0.488,-0.404,1.0,-0.574
2024-02-21,51843.0,-0.008,-0.02,-0.03,-0.014,0.042,0.179,0.178,4981.8,0.004,0.025,0.025,0.025,0.021,0.021,0.034,101.961,-0.001,-0.002,-0.002,-0.002,-0.002,-0.002,0.001,-0.42,,,,,-0.364,-0.28,-0.125,-0.564,1.0,-0.467
2024-04-10,70630.0,0.022,0.013,-0.029,-0.076,-0.085,-0.12,-0.079,5160.64,-0.001,0.006,-0.009,-0.009,-0.021,-0.029,-0.04,101.531,-0.004,-0.004,-0.003,-0.003,-0.004,-0.004,-0.005,-0.428,,,,,-0.342,-0.077,-0.027,-0.419,1.0,-0.62
2024-05-22,69118.0,-0.015,-0.032,-0.023,-0.013,-0.011,-0.038,-0.039,5307.01,-0.002,-0.01,-0.003,-0.003,-0.003,-0.01,-0.008,101.598,-0.001,-0.002,-0.002,-0.002,-0.002,-0.003,-0.002,-0.416,,,,,-0.337,-0.02,-0.227,-0.6,-0.333,-0.522
2024-07-03,60142.0,-0.031,-0.084,-0.091,-0.063,-0.09,-0.072,-0.069,5537.02,0.005,0.005,0.011,0.011,0.012,0.023,0.019,102.152,0.001,0.001,0.003,0.003,0.002,0.002,0.005,-0.384,,,,,-0.254,-0.18,-0.062,0.0,0.333,-0.619
2024-08-21,61159.0,0.036,0.023,0.082,0.084,0.063,0.0,0.002,5620.85,0.003,-0.006,0.006,0.006,0.002,-0.002,0.008,103.387,0.001,-0.001,0.001,0.001,0.001,0.001,0.0,-0.372,,,,,-0.457,-0.373,-0.45,-0.569,-0.333,-0.469
2024-10-09,60582.0,-0.025,-0.03,0.005,0.017,0.062,0.085,0.097,5792.04,0.007,0.005,0.011,0.011,0.019,0.016,0.019,103.348,-0.001,-0.001,0.0,0.0,-0.001,0.0,-0.0,-0.434,,,,,-0.32,-0.175,-0.222,-0.243,0.0,-0.607
2024-11-26,91928.0,-0.012,0.031,0.028,0.047,0.045,0.031,0.043,6021.63,0.004,-0.0,-0.0,0.005,0.005,0.008,0.012,102.691,0.0,0.001,0.001,0.002,0.002,0.002,0.003,-0.473,,,,,-0.305,-0.069,-0.097,-0.424,0.0,-0.556
2025-01-08,95065.0,-0.019,-0.046,-0.023,-0.025,-0.025,0.036,0.072,5918.25,0.001,0.001,-0.014,-0.014,-0.013,0.007,0.014,102.73,0.0,0.001,-0.002,-0.002,-0.002,0.0,0.0,-0.49,,,,,-0.32,-0.094,-0.282,-0.278,-0.333,-0.545
2025-02-19,96642.0,0.011,0.028,0.005,0.01,-0.043,-0.129,-0.126,6144.15,0.004,-0.0,-0.017,-0.017,-0.022,-0.027,-0.027,102.738,0.001,0.001,0.002,0.002,0.003,0.004,0.005,-0.504,,,,,-0.385,-0.123,-0.419,-0.569,-0.429,-0.405
2025-04-09,82595.0,0.08,0.042,0.089,0.112,0.104,0.097,0.102,5456.9,0.094,0.059,0.077,0.077,0.085,0.061,0.062,103.508,-0.004,-0.003,-0.005,-0.005,-0.002,-0.001,-0.002,-0.397,,,,,-0.495,-0.193,-0.674,-0.455,-0.75,-0.655
2025-05-28,107811.0,-0.011,-0.032,-0.046,-0.041,-0.029,-0.04,-0.043,5888.55,-0.006,-0.002,-0.002,-0.002,0.002,0.008,0.013,103.281,-0.001,0.0,0.001,0.001,0.0,0.002,-0.001,-0.456,,,,,-0.518,-0.042,-0.75,-0.582,-0.778,-0.607
2025-07-09,111287.0,0.021,0.063,0.076,0.075,0.096,0.086,0.08,6263.26,0.003,0.006,0.003,0.003,0.004,0.003,0.009,103.727,0.001,0.0,-0.001,-0.001,-0.0,-0.0,-0.0,-0.504,,,,,-0.371,-0.423,-0.32,0.029,-0.667,-0.541
2025-08-20,114263.0,0.012,-0.004,0.035,0.022,-0.025,-0.014,-0.041,6395.78,-0.002,-0.006,0.009,0.009,0.005,0.012,0.008,103.84,0.0,-0.001,0.001,0.001,0.0,0.001,0.001,-0.527,,,,,-0.457,-0.422,-0.714,-0.333,-0.333,-0.396
2025-10-08,123345.0,0.016,0.002,-0.072,-0.092,-0.052,-0.091,-0.131,6753.72,0.004,0.002,-0.026,-0.026,-0.01,-0.008,-0.009,104.223,-0.0,-0.001,0.001,0.001,0.001,0.001,0.002,-0.526,,,,,-0.478,-0.444,-0.486,-0.226,-0.714,-0.614
2025-11-19,91474.0,-0.016,-0.071,-0.088,-0.093,-0.051,-0.027,-0.022,6642.16,0.002,-0.013,-0.003,-0.003,0.012,0.028,0.033,104.109,-0.0,0.0,0.001,0.001,0.001,0.001,0.001,-0.508,,,,,-0.391,-0.391,-0.128,-0.529,-0.231,-0.429
2025-12-30,88390.0,0.015,0.004,0.004,0.004,0.004,0.004,0.004,6896.24,-0.001,-0.008,-0.008,-0.008,-0.008,-0.008,-0.008,104.359,-0.0,-0.0,-0.0,-0.0,-0.0,-0.0,-0.0,-0.536,,,,,-0.49,-0.388,-0.438,-0.51,-0.333,-0.573
