Date,Time UTC,Event,BTC Close,BTC Log Return Intraday,BTC Log Return 1d,BTC Log Return 2d,BTC Log Return 3d,BTC Log Return 5d,BTC Log Return 7d,BTC Log Return 9d,SPX Close,SPX Log Return Intraday,SPX Log Return 1d,SPX Log Return 2d,SPX Log Return 3d,SPX Log Return 5d,SPX Log Return 7d,SPX Log Return 9d,ZT Close,ZT Log Return Intraday,ZT Log Return 1d,ZT Log Return 2d,ZT Log Return 3d,ZT Log Return 5d,ZT Log Return 7d,ZT Log Return 9d,NFCI,mps,MPS_ORTH,MP_median,CBI_median,net_sentiment,net_sentiment_households,net_sentiment_firms,net_sentiment_financial_sector,net_sentiment_government,net_sentiment_central_bank
2012-02-15,19:00:00,FOMC Minutes,4.69,-0.0417597210285925,-0.0808951499721937,-0.0460332318059746,-0.1449903104285939,-0.0965379270426471,-0.0808951499721937,0.0121952730938184,1343.22998046875,-0.0054125712184593,0.0055527946148174,0.0078989704977577,0.0078989704977577,0.0078989704977577,0.0052729368433079,0.0112066811994228,110.234375,0.0001417534909171,-0.000141773587818,0.0,0.0,0.0,7.087925721509616e-05,-0.0002835672782364,-0.380727813771336,-0.0116295195744413,-0.0349327781752003,-0.02694354,0.00891939,-0.197452229299363,-0.3571428571428571,-0.2941176470588235,-0.069767441860465,-0.6470588235294117,-0.0961538461538462
2012-04-03,19:00:00,FOMC Minutes,4.99,-0.0099701723198499,-0.0059701669865039,-0.0079681696491768,-0.0099701723198499,-0.0571584138399486,-0.048790164169432,-0.0220670940286785,1413.3800048828125,-0.003954287528314,-0.0142092143808521,-0.0148384545332735,-0.0148384545332735,-0.0148384545332735,-0.0434909178100018,-0.0223843127739022,110.0078125,-0.0007808895438165,-0.0004968591506552,-0.0004258641557726,-0.0004258641557726,-0.0004258641557726,0.0008511846165779,0.0009220839749683,-0.436485898713717,0.0215046674648143,-0.0092903566019121,0.00270337,0.00535414,-0.1176470588235294,-0.2244897959183673,-0.0434782608695651,0.1428571428571428,-0.7142857142857142,-0.3076923076923077
2012-05-16,19:00:00,FOMC Minutes,5.04,0.0180185055026782,0.0140423571230387,0.0239532410224928,0.0239532410224928,0.0259236850097915,0.0298529631496811,0.0259236850097915,1324.800048828125,-0.0045037170039801,-0.0196695144095845,-0.0270847162363394,-0.0270847162363394,-0.0111760318405001,-0.0089975425308094,-0.0097864430749821,110.21875,-0.0002834868906299,-0.0004961548104758,-0.000425260478448,-0.000425260478448,-0.000425260478448,-0.0002126076334148,-0.0002834868906299,-0.322143522798661,0.0129820340283114,0.0014470356183188,0.00098177,-0.00098177,-0.256544502617801,-0.125,-0.1162790697674418,-0.1304347826086956,-1.0,-0.4883720930232558
2012-07-11,19:00:00,FOMC Minutes,7.14,0.0084388686458646,0.0695576837019101,0.0695576837019101,0.0642736555553049,0.1589816070969239,0.2399506696305909,0.1757084009022373,1341.449951171875,3.721919471645355e-05,-0.0049623551577425,0.0114004040898308,0.0114004040898308,0.0090834081982103,0.023124039338207,0.0157248340525493,110.203125,0.0,0.0002126528450331,0.000354396289636,0.000354396289636,0.0008503401872929,0.0008503401872929,0.0011336263081677,-0.299519902093045,0.0286596049940499,0.0341965642762828,0.009776,0.00654326,-0.4009661835748792,-0.2962962962962963,-0.4339622641509433,-0.4782608695652173,-0.4666666666666666,-0.3846153846153846
2012-08-22,19:00:00,FOMC Minutes,9.96,-0.0030075210639552,0.0029985029962566,0.0373324295809736,0.0564352072216841,0.0761079728203888,0.0761079728203888,0.0168738494898736,1413.489990234375,0.0002830448265765,-0.0078219547711459,-0.0013879664278837,-0.0013879664278837,-0.0018771008484061,-0.0018416169269029,-0.0046175768889311,110.1953125,0.0004254715707354,0.0006381394905815,0.0004254715707354,0.0004254715707354,0.0005672552091411,0.0002836678268792,0.0010633396954144,-0.427059773797108,0.0227429922941988,0.0105119830588558,0.01623685,-0.00349314,-0.3440860215053763,-0.4358974358974359,-0.2962962962962963,-0.1627906976744186,-0.4545454545454546,-0.4871794871794872
2012-10-04,19:00:00,FOMC Minutes,12.57,-0.0259142887654703,-0.031498667059371,-0.0403376157265752,-0.0967841337580004,-0.0731543423282035,-0.0648486467409252,-0.0848994437864862,1461.4000244140625,0.0070868205931951,0.0067651795091201,0.0067651795091201,0.0067651795091201,-0.0066377264734506,-0.012649611602947,-0.0156201565589636,110.25,-0.0002834065485881,-0.0005668934392181,-0.0005668934392181,-0.0005668934392181,-0.0005668934392181,-0.0007086670270361,-0.0005668934392181,-0.529197719855044,0.0239675170792569,-0.006768331510817,-0.0282545,0.04402613,-0.3333333333333333,-0.32,-0.4545454545454546,-0.1538461538461538,-0.8571428571428572,-0.2765957446808511
2012-11-14,19:00:00,FOMC Minutes,10.97,0.009157573154021,0.0164237268306437,0.0528560101534755,0.0624088400724673,0.0692994788785915,0.0710147451653467,0.1121451754049029,1355.489990234375,-0.0140288839392101,-0.0156236998962269,-0.0107954251610511,-0.0107954251610511,0.0088719515784965,0.0118526116752957,0.024794813744264,110.25,7.086418881183129e-05,0.0001417233562462,0.0001417233562462,0.0001417233562462,7.086418881183129e-05,-0.0004252906216639,-0.0004252906216639,-0.548070849965851,0.0089491785366134,-0.0069700155702247,8.339e-05,-8.339e-05,-0.2903225806451612,0.0476190476190476,-0.509433962264151,-0.1627906976744186,-0.5555555555555556,-0.4358974358974359
2013-01-03,19:00:00,FOMC Minutes,13.19,0.0076103868074145,0.0076103868074145,0.0045731787019651,0.0045731787019651,0.0308411055225752,0.0672087496934501,0.0593205768444439,1459.3699951171875,-0.0020877954235245,0.0027655045554565,0.0027655045554565,0.0027655045554565,-0.0036101378843991,0.0066109075834934,0.0065633924685157,110.1953125,-0.0001417836384056,-0.000283587382262,-0.000283587382262,-0.000283587382262,0.0,0.0001417635386553,0.0002126377723574,-0.60123935947183,0.0040683896939853,-0.0120752441515516,-0.02505452,0.02148958,-0.330188679245283,-0.1153846153846154,-0.2857142857142857,-0.4166666666666667,-0.5,-0.4399999999999999
2013-02-20,19:00:00,FOMC Minutes,30.0,0.0205429012313294,0.0205429012313294,0.03378812798135,0.0050907966724076,0.0347744834780537,0.0632830549074882,0.1617530697828527,1511.949951171875,-0.0124817114300058,-0.0188047168956712,-0.0100705035088967,-0.0100705035088967,-0.028549779093671,-0.0098132031120841,-0.0083564971240147,110.203125,0.0001417936904184,0.0002835672782364,0.0003544465354515,0.0003544465354515,0.0005670541688663,0.0005670541688663,0.0007087674830694,-0.650838434875623,0.0057872406992707,-0.0135232842928607,0.00286222,-0.00624811,-0.146067415730337,0.024390243902439,-0.2083333333333333,-0.0588235294117647,-0.0588235294117647,-0.368421052631579
2013-04-10,14:00:00,FOMC Minutes,162.0,-0.3458636252579461,-1.0098116511256292,-0.7338890990807545,-0.9155921029050356,-1.1293948672861605,-0.933872537077304,-0.665235988065941,1587.72998046875,0.0121154433295488,0.0156613995091254,0.0128206011905763,0.0128206011905763,-0.0104135233597879,-0.0106389962177079,-0.0085535631361976,110.25,-7.085916743442877e-05,-7.085916743442877e-05,0.0,0.0,7.085414676857738e-05,7.085414676857738e-05,0.0,-0.672260488002918,0.0116599113736397,-0.0123013615650071,-0.00553648,0.00737555,-0.2488262910798122,0.0,-0.05,-0.3818181818181818,-0.5555555555555556,-0.3703703703703704
2013-05-22,19:00:00,FOMC Minutes,119.11,0.0157390285664208,0.0546820025150282,0.093175707275692,0.0952714118499111,0.0739556608290804,0.1059147330531218,0.087018484284913,1655.3499755859375,-0.0084458469310075,-0.0113739620356135,-0.0119254795346024,-0.0119254795346024,-0.0119254795346024,-0.0126774536686083,-0.0234244054761518,110.234375,-0.0002125925671472,-0.0001417233562462,-0.0002125925671472,-0.0002125925671472,-0.0002125925671472,-0.000779727135021,-0.0008506415767768,-0.717693535249454,,,,,-0.1695906432748538,0.1162790697674418,-0.2727272727272727,0.0,-0.6000000000000001,-0.4210526315789473
2013-07-10,19:00:00,FOMC Minutes,86.19,0.1390660481229974,0.1499131427068849,0.1842086639755048,0.2007070584373737,0.2234635001251297,0.1930416682976601,0.1427719006559724,1652.6199951171875,0.0006415731240822,0.0141047858894361,0.017186516110065,0.017186516110065,0.0185604512616209,0.0176150024923121,0.0242440997839646,109.9765625,0.000213136301471,0.0009232627338125,0.000639272671556,0.000639272671556,0.0009942476495479,0.0015619456494664,0.0016328852444312,-0.63143636902457,0.0108561110503651,-2.811761798215441e-05,0.00614461,-0.00138543,-0.2420091324200913,0.2280701754385965,-0.1555555555555555,-0.4545454545454546,-0.2307692307692307,-0.6000000000000001
2013-08-21,19:00:00,FOMC Minutes,110.43,0.0516603482127256,0.0397267062488381,0.0261637359640582,0.0400015951496391,0.0648841274715659,0.1172001337422682,0.1744716217872843,1642.800048828125,-0.0047730958177281,0.0038093459256857,0.007748587835899,0.007748587835899,0.0037007486058405,-0.0095569133143739,-0.0107748038579133,110.0546875,-0.0003548742008214,-0.0009229349986009,-0.0007808895438165,-0.0007808895438165,-0.0005678591861851,-0.0005678591861851,-0.0002838892850861,-0.673718827416347,0.0058299335019862,0.004908152801415,-0.00013405,-0.00398423,-0.1052631578947368,0.3191489361702127,-0.1282051282051282,-0.2682926829268293,-0.2307692307692307,-0.32
2013-10-09,19:00:00,FOMC Minutes,125.9,0.0111822251455392,0.0183053260983632,0.0228690290384573,0.027568285806552,0.0840753441527369,0.0997544696593031,0.2054129926677599,1656.4000244140625,-0.0003561101010982,0.0212395127817381,0.0275061083990654,0.0275061083990654,0.031572549544354,0.0382165642377276,0.0514652841150873,110.078125,0.0006389549754142,0.0007099247777931,0.0009228039696561,0.0009228039696561,0.0004260153429951,0.0009937536309012,0.0012775019480494,-0.68802688453874,-0.0039200617224852,-0.0096433872690477,-0.06719709,0.0520097,-0.3575129533678756,-0.1764705882352941,-0.3333333333333333,-0.4222222222222223,-0.2307692307692307,-0.5294117647058822
2013-11-20,19:00:00,FOMC Minutes,599.0,0.1111087805022638,0.2950983943969154,0.3941892970411463,0.4362482620469223,0.422562808961668,0.5869177298941737,0.747579607188662,1781.3699951171875,-0.0046037957924574,0.0034919096282984,0.0084411001283275,0.0084411001283275,0.0071769593410878,0.0098087512540525,0.0090227527969358,110.28125,0.000283406548588,0.000354245637627,0.0001417133142029,0.0001417133142029,7.085916743441566e-05,0.000354245637627,0.000354245637627,-0.759088613534641,0.0088277859420324,-0.0113881676540385,0.01847807,-0.01626471,-0.3473684210526315,-0.1428571428571428,-0.2258064516129032,-0.3125,-0.6190476190476191,-0.46875
2014-01-08,19:00:00,FOMC Minutes,823.45,0.0478191135378089,0.0494087171391056,0.082618515309382,0.1329149606311382,0.0472724828946613,0.069074396826091,0.0154218705562313,1837.489990234375,-0.0002231241744437,0.0001251243690705,0.0024291548595259,0.0024291548595259,-0.010226811599268,0.0056859536553483,0.0004351448489074,109.828125,-0.0006400000218453,-0.0006400000218453,0.0004974947687983,0.0004974947687983,0.0008526967048313,7.108583617705921e-05,0.0002843130305596,-0.777953558977093,0.0118551071128668,-0.0139583064908346,-0.04424307,0.04559465,-0.1822222222222222,-0.0158730158730158,0.1428571428571428,-0.3333333333333333,0.1428571428571428,-0.5636363636363637
2014-02-19,19:00:00,FOMC Minutes,623.01,-0.0074997753004887,-0.1108096367832094,-0.0767093602088689,-0.0271618047861033,-0.1588801297463677,-0.0700403258135246,-0.1287135942666828,1828.75,-0.0055349066889225,0.0004784351380114,-0.0014421315351696,-0.0014421315351696,0.0047253240171619,0.0033984330825118,0.0111131387722663,110.125,-0.0003546476612693,-0.0004255922890172,-0.0002837080663046,-0.0002837080663046,-0.0004255922890172,0.0,7.091444175582014e-05,-0.768925021991368,0.0083643686775334,0.011259099734993,0.02547689,-0.02220156,-0.127659574468085,-0.1851851851851851,0.2941176470588235,0.0454545454545454,-0.25,-0.5
2014-04-09,19:00:00,FOMC Minutes,441.69,-0.0265413341147925,-0.2224162545120092,-0.0697774336139414,-0.0687850184194255,0.0108106790363001,0.155727393885948,0.0630947583340128,1872.1800537109373,0.0104918991794336,-0.0106140685579535,-0.0201461282978508,-0.0201461282978508,-0.0119624201471102,0.0052060273193595,0.0065689510264533,109.921875,0.000497636238187,0.001066060297829,0.0009950249577176,0.0009950249577176,0.0008529391376433,0.000568706918008,0.0001422070537094,-0.775263307482873,0.0254877159230359,0.0043232551993392,0.02016519,-0.00405018,-0.3673469387755101,-0.3225806451612903,-0.3333333333333333,0.1176470588235294,-0.7142857142857142,-0.7254901960784315
2014-05-21,19:00:00,FOMC Minutes,493.98,0.0101325410635177,0.0804956489687657,0.0686901671899206,0.0775667805352813,0.1739017514303891,0.1718028981473013,0.2389685924586067,1888.030029296875,0.0078110572400423,0.0101705014347562,0.014409894352641,0.014409894352641,0.014409894352641,0.0192651518141115,0.0264598909145741,110.109375,0.0,-0.0002128791918629,0.0,0.0,0.0,0.0002128338839577,0.0002128338839577,-0.778635490263822,0.0115854888096247,-0.0064803055734184,-0.00048461,0.00159129,-0.2345679012345679,-0.2727272727272727,0.0,-0.2571428571428571,-0.3333333333333333,-0.4285714285714286
2014-07-09,19:00:00,FOMC Minutes,621.97,-0.0032264565089743,-0.0114600117886332,0.0175066823189684,0.0223766943005782,-0.0045135200906072,-0.0114762227910409,0.0137199942978254,1972.8299560546875,0.0039259156619492,-0.0002137126625245,0.0012561293355228,0.0012561293355228,0.0060879900625198,0.0083463105040227,0.0066543134762159,109.6796875,7.123268158430761e-05,0.000854457471525,0.0010679578103781,0.0010679578103781,0.0007832805612845,0.0001424602894353,0.0004985222479771,-0.774069719557868,0.0167135414554676,0.0116938158237392,-0.01532131,0.02227214,-0.1569506726457399,0.0625,-0.1428571428571428,0.0,-0.4285714285714286,-0.4285714285714286
2014-08-20,19:00:00,FOMC Minutes,516.39,0.0484242286919701,0.0540051714656591,0.0450489927130143,0.0101519608370747,0.0237809961639729,0.0396326212903045,0.034599168631005,1986.510009765625,0.0030502139232267,0.0059957612034973,0.0040011862846745,0.0040011862846745,0.0087775401482784,0.0098780550868067,0.0115016388708804,109.8203125,-0.0007822222621071,-0.0007110858580224,-0.00099566184173,-0.00099566184173,-0.0012091469875328,-0.0007110858580224,-0.0002132726699158,-0.726135344119158,0.0025343908058799,-0.0027736962905699,-0.02639344,0.02054929,-0.2112676056338028,-0.09375,0.0476190476190476,-0.1,-0.4285714285714286,-0.5666666666666667
2014-10-08,19:00:00,FOMC Minutes,355.73,0.060638677519185,0.0836480011715298,0.0750398641430233,0.0781108732104507,0.1592579432270405,0.1641364974704723,0.1361973400083539,1968.8900146484373,0.0170783905676328,-0.0037994578866819,-0.0153165379128929,-0.0153165379128929,-0.0319215711154155,-0.038477252160626,-0.025530471583038,109.71875,0.000783559537187,0.00092595896783,0.0012106970107562,0.0012106970107562,0.0019221876135201,0.0039116724249063,0.0025620966260775,-0.658376693074463,0.0247778556608933,0.0372889083624292,-0.00785221,0.02157481,-0.2941176470588235,-0.0175438596491228,0.05,-0.1891891891891892,-0.5555555555555556,-0.6923076923076923
2014-11-19,19:00:00,FOMC Minutes,379.03,0.01103605842164,-0.0503292143601983,-0.0652234374400028,-0.0597713566925381,0.0029832480905761,-0.0171385875715731,0.0052944664933799,2048.719970703125,-0.0011902503312515,0.0007749136819511,0.0059981262856896,0.0059981262856896,0.0088580560994287,0.010509417102615,0.0079637524656028,109.7734375,-0.000284636734292,7.11465263007743e-05,0.0002134243952183,0.0002134243952183,0.0003556820240236,0.000995591036581,0.0014219696672588,-0.657177664762841,0.033059291688378,0.0477330861969792,0.02830176,-0.00646586,-0.2980769230769231,0.0232558139534884,-0.1162790697674418,-0.3571428571428571,-0.1428571428571428,-0.6271186440677967
2015-01-07,19:00:00,FOMC Minutes,276.8,0.0,0.0,0.0601824975723222,-0.0043809697325552,-0.034474767556995,-0.479236876224549,-0.2856129236732232,2025.9000244140625,0.010095696615508,0.0278258647426637,0.0193865425955847,0.0193865425955847,0.0112599257521143,0.0028480113483225,0.0068920015300221,109.453125,0.0004283572564963,0.000571102242821,0.0012132026465753,0.0012132026465753,0.0017123291855125,0.0030658467563535,0.0032793926873354,-0.549784143723521,-0.053029081566344,-0.0403486803701618,-0.06868336,0.01899448,-0.2756756756756757,0.0188679245283018,-0.2272727272727273,-0.2903225806451612,-1.0,-0.5294117647058822
2015-02-18,19:00:00,FOMC Minutes,237.37,-0.0300041180602114,-0.0165299833360161,0.0035912542678241,0.0033060579897396,-0.0204446976474316,-0.0274796079467871,0.0328953219659082,2099.679931640625,0.0002476967701842,-0.0008149249455347,0.0052929177755211,0.0052929177755211,0.0049895325635356,0.006978488068764,0.0025406863898779,109.640625,0.0012120781491763,0.0007844535970109,0.0003566461038551,0.0003566461038551,0.001140820088078,0.0019955818752862,0.0017819599141363,-0.511119852204023,-0.0013965895883539,0.0188291988290714,0.01193557,-0.01783449,-0.3387096774193548,-0.09375,-0.32,-0.2857142857142857,-0.6666666666666667,-0.5833333333333333
2015-04-08,19:00:00,FOMC Minutes,244.58,-0.0366494287010166,-0.0413624556009117,-0.0724024512157423,-0.0717246861201144,-0.1283476913869616,-0.129558372430745,-0.1308154436207961,2081.89990234375,0.0023852629461491,0.0068328388197748,0.0120222157192311,0.0120222157192311,0.00743040889827,0.0141938302017794,0.0020393792547408,109.6484375,-7.124790712286644e-05,-0.000427563606599,-0.0007127076062499,-0.0007127076062499,-0.0002850220911414,0.0004985932650745,0.0005698005852171,-0.540373656315372,-0.0647727916879685,-0.0553605011836841,-0.11601336,0.05251251,-0.2694063926940639,0.1111111111111111,-0.4444444444444444,-0.1363636363636364,-0.8,-0.4666666666666666
2015-05-20,19:00:00,FOMC Minutes,234.43,0.0130092211018502,0.0154376993845827,0.0322738952923912,0.027113946769818,0.0179451912953167,0.0161608421091642,0.0198111008312115,2125.85009765625,-0.0009121324223006,0.001423013486444,-0.0008133716630395,-0.0008133716630395,-0.0008133716630395,-0.0020276576414318,-0.0096337367430163,109.671875,0.0004987708963707,0.0006412311858061,-0.0001425516752235,-0.0001425516752235,-0.0001425516752235,0.0001425313571398,0.0010684903249697,-0.546754493621624,0.0056536358405071,0.0183084921507592,-0.00547425,0.00547425,-0.3796296296296296,-0.0175438596491228,-0.6842105263157894,-0.1351351351351351,-1.0,-0.4909090909090909
2015-07-08,19:00:00,FOMC Minutes,270.63,0.0184976372418224,0.0121590005060013,0.0710409352541088,0.0932652278433946,0.0968249249209944,0.0725823613781929,0.0504968769059836,2046.6800537109373,-0.0150232237523576,-0.0127635761075375,-0.0005005897225298,-0.0005005897225298,0.0105046787848254,0.0142126957205884,0.0233010007895146,109.6953125,0.0009262888545735,7.128345870351407e-05,-0.0013553520639548,-0.0013553520639548,-0.0014981276210219,-0.0004991265389371,-0.0014267372943809,-0.534914788744913,-0.0380670448685689,-0.0510721202363049,-0.04060561,-0.0012497,-0.1875,0.2537313432835821,-0.2333333333333333,-0.4285714285714286,-0.6666666666666667,-0.4642857142857142
2015-08-19,19:00:00,FOMC Minutes,226.92,0.0129514806033265,0.0502346985583625,0.0414931977843666,0.0307716586667536,-0.0658727441507077,0.0080035998605218,0.0335815600076174,2079.610107421875,-0.0077023990101513,-0.0290283594642976,-0.0613976019861759,-0.0613976019861759,-0.101609046332695,-0.0769319966408192,-0.052316190994253,109.5625,0.0011415526353827,0.0007136230945822,0.0015692991308187,0.0015692991308187,0.00285144190921,0.0017831037854479,0.0006422836973698,-0.459917215147274,-0.0033779446661206,0.0202582593794811,-0.01221075,0.00285643,-0.2467532467532467,0.2203389830508474,-0.46875,-0.2972972972972973,-0.75,-0.3650793650793651
2015-10-08,19:00:00,FOMC Minutes,242.9,-0.0023438956389484,0.0041397743310801,0.0091582470925339,0.0186366070999825,0.0253866025949265,0.0442678108406778,0.1036874530086844,2013.4300537109373,0.0096920705776974,0.0104169191382129,0.0104169191382129,0.0104169191382129,0.0048427599254187,0.0148588803648347,0.0194189417385315,109.546875,-0.0002139266239841,-0.0003565698023159,-0.0003565698023159,-0.0003565698023159,0.0001425923287744,0.0005702473602385,0.0002851643278752,-0.414094263997821,-0.0582453133735586,-0.0366545567091152,-0.04339063,-0.02667336,-0.2990654205607477,0.2121212121212121,-0.46875,-0.5714285714285714,-0.6666666666666667,-0.56
2015-11-18,19:00:00,FOMC Minutes,335.65,-0.0010422095784437,-0.0301524307850605,-0.0424353985314241,-0.0286812112467184,-0.0379738717355827,-0.0213574067681929,0.0610167018057744,2083.580078125,0.0152775563238316,0.0141538159948523,0.0179567712750017,0.0179567712750017,0.0167211474333176,0.0178132567633112,0.0184066983227921,109.1015625,-0.0003579738717303,-0.0006444452623595,-0.0008593526739105,-0.0008593526739105,-0.0010026499443428,-0.0007877117382493,-0.000716075934644,-0.466718125648393,0.0532437060633536,0.0629978121650501,0.05567073,-0.01595105,-0.2962962962962963,-0.1147540983606557,-0.1764705882352941,-0.2272727272727273,-0.3999999999999999,-0.6799999999999999
2016-01-06,19:00:00,FOMC Minutes,429.56,-0.006705283762505,0.0552166781416838,0.0457629416893919,0.0371997640441446,0.0353265196624643,0.0004392606620236,-0.1833626813023652,1990.260009765625,-0.0107197988675448,-0.0347056153868895,-0.0456031528327374,-0.0456031528327374,-0.0447502445369149,-0.0622601054970492,-0.0675378172608276,108.765625,0.0007904286690412,0.0012931036284609,0.0015802330540211,0.0015802330540211,0.0020107726703158,0.0025128347213854,0.0038026951653561,-0.343753233543236,0.0286748452633163,0.0389896806625432,0.00400708,0.02047476,-0.3116279069767442,0.1147540983606557,-0.4838709677419355,-0.3333333333333333,-0.4545454545454546,-0.5686274509803921
2016-02-17,19:00:00,FOMC Minutes,415.54,0.0195134069595198,0.0329948234945122,0.0290934007135234,0.0644296221749945,0.0727696865554122,0.0391489803917658,0.0583601159869901,1926.8199462890625,0.0146488143388515,0.009972182214917,0.0099461489331151,0.0099461489331151,0.0242968800321912,0.0161942624960347,0.0256067638969208,109.390625,-0.0005711837939097,-0.0001427653653648,-0.0007854618562274,-0.0007854618562274,-0.0010712373814988,-0.0005711837939097,-0.0016430335517487,-0.294444861185462,-0.022959043492644,-0.0078200522698253,0.00788727,-0.03540162,-0.4482758620689655,0.1111111111111111,-0.5294117647058822,-0.5636363636363637,-0.7142857142857142,-0.7916666666666667
2016-04-06,19:00:00,FOMC Minutes,421.03,-0.0039822746822268,-0.0064316534557623,-0.0118031972576732,-0.0106309342973191,-4.731488053867464e-05,0.0028819825295882,0.0158189554790574,2066.659912109375,0.0102621157604481,-0.0017859582095567,0.0009967443950595,0.0009967443950595,-0.0017468014945442,0.0178590221554036,0.0170471650093901,109.3515625,-0.000357155616497,0.0003570281019038,0.0001428265374133,0.0001428265374133,0.0001428265374133,-0.0006429719814295,-0.0002857142876578,-0.377037683516432,-0.0824469580007401,-0.0848606236775944,-0.05839254,-0.0267997,-0.3122171945701357,-0.0461538461538461,-0.4736842105263157,-0.1904761904761904,-0.6000000000000001,-0.5384615384615385
2016-05-18,19:00:00,FOMC Minutes,452.92,-8.831191775063096e-05,-0.0374737412340255,-0.0228663053249736,-0.0215345217799372,-0.0222566249366671,-0.0094493083816518,0.0412810908149361,2047.6300048828125,0.0015884617464832,-0.0021251327762374,0.0038763264465671,0.0038763264465671,0.0017886898784654,0.0223278570640391,0.0263950859535499,109.0234375,-0.0012890291100254,-0.0007875425501011,-0.0009307987640844,-0.0009307987640844,-0.0010740755033509,-0.0011457215718035,-0.0005726967011707,-0.381555675216015,0.0180509043794058,0.0007382747196882,-0.00910046,0.01985107,-0.1887550200803212,0.303030303030303,-0.4444444444444444,-0.1034482758620689,-0.6000000000000001,-0.5416666666666667
2016-07-06,19:00:00,FOMC Minutes,674.7,0.0083495674054036,-0.0472825355758514,-0.0091435900421137,-0.0323674476938093,-0.0299929187853319,-0.0211917457345927,-0.0067332243074823,2099.72998046875,0.0073133519479147,0.0064413940611815,0.0215795806271739,0.0215795806271739,0.0249823999391722,0.0321020009214995,0.0364180446633254,109.6484375,-0.0007122507423612,-0.0008547617872083,-0.0012111282782753,-0.0012111282782753,-0.0019955818752863,-0.0023523552209666,-0.0034948860507653,-0.344543565773176,-0.0395764282261357,-0.041989711877146,-0.01878522,-0.02406902,-0.2827004219409283,-0.1282051282051282,-0.2758620689655173,-0.12,-0.4285714285714286,-0.7272727272727273
2016-08-17,19:00:00,FOMC Minutes,570.91,-0.00705150147538,-0.0060360952256704,-0.0035544441792415,0.0050831541665067,0.0135266761476202,0.0045638804456664,0.0066393594154702,2182.219970703125,0.0020090935569267,0.0042062952533093,0.002764985684541,0.002764985684541,0.0022015038012179,-0.0011026842800921,-0.0040489089154507,109.328125,7.146175012871404e-05,0.0005715510622118,-7.146685727541332e-05,-7.146685727541332e-05,7.146175012871404e-05,-0.0002144158961865,-0.0016450313047058,-0.360801150973412,0.0155164692038586,0.003364526510143,-0.00996101,0.01510129,-0.2888888888888889,-0.0263157894736842,-0.3114754098360655,-0.3571428571428571,-1.0,-0.4883720930232558
2016-10-12,19:00:00,FOMC Minutes,634.5,-0.0059711051075692,-0.0067278925810171,-0.0001566784178684,-0.0036727239815031,-0.0021800339559811,-0.0163000734347015,-0.014677135561571,2139.179931640625,0.0007061317932999,-0.0023979446189341,-0.0021963604598129,-0.0021963604598129,-0.0052389785716532,0.0030920991893958,0.0016312829178601,108.9609375,-7.169743684739736e-05,0.0006450457131024,0.0006450457131024,0.0006450457131024,0.0009315991931062,0.0013612755102295,0.0011464604293847,-0.34516826154397,-0.0231420269676886,-0.018974796248466,-0.03499897,-0.00027749,-0.1709401709401709,0.0263157894736842,-0.2363636363636363,0.0,-1.0,-0.3999999999999999
2016-11-23,19:00:00,FOMC Minutes,740.18,-0.0120191333469869,-0.0181852582767859,-0.0162296658833304,-0.0259912943389501,-0.0264983346732224,-0.0094824307777296,0.0274649945408062,2204.719970703125,0.0028024290518839,0.0028024290518839,0.0067091746653077,0.0067091746653077,0.0014407854105724,0.0001182572086779,-0.003006538038001,108.609375,-0.0005752912570573,-0.0005752912570573,-0.0005033617479452,-0.0005033617479452,-0.0001437917897365,-7.189331035847499e-05,0.0002875215660979,-0.417737314090754,0.0115427960069092,0.0129417631089367,-0.00200211,0.00531858,-0.1964285714285714,0.0491803278688525,-0.1764705882352941,-0.2857142857142857,-0.1428571428571428,-0.4285714285714286
2017-01-04,19:00:00,FOMC Minutes,1114.92,0.0738885944817637,-0.0301652574042342,-0.1470666128618864,-0.1333893057264198,-0.1444522614968469,-0.2851262159822635,-0.2262240703292151,2270.75,0.0040376028227832,0.0032666352203019,0.006777424400881,0.006777424400881,0.0032225189293213,0.0060481613184234,0.0057491803198405,108.25,-0.0001443313851102,0.0009376465759634,0.0002164580260264,0.0002164580260264,0.0007934504690085,0.0008655511215507,0.0007213446175873,-0.46669625101046,0.046847859857338,0.0380292896986014,0.03285011,0.00427355,-0.2592592592592593,0.1176470588235294,-0.3928571428571428,-0.1219512195121951,-0.6842105263157894,-0.5254237288135593
2017-04-05,19:00:00,FOMC Minutes,1134.58,-0.0073938464153666,0.0410109530444213,0.040851390413651,0.0352674891659806,0.0563439479082818,0.058755757024773,0.0236379200720845,2352.949951171875,-0.0057802983275267,-0.0038526480337916,-0.0046801204967366,-0.0046801204967366,-0.0039926703609533,-0.0091946160718985,-0.0160326363617028,108.2578125,0.0001443418016362,0.0002165048902478,-0.0005053604410335,-0.0005053604410335,-0.0002887461219802,0.0005772422412973,0.0011541514662112,-0.480394380398738,-0.0509747007025326,-0.0447768683037415,-0.04013092,-0.00680166,-0.3125,0.1746031746031746,-0.3725490196078431,-0.2608695652173913,-0.8888888888888888,-0.5641025641025641
2017-05-24,19:00:00,FOMC Minutes,2420.29,0.0659153366943584,0.0116839802079757,0.0061244614760458,-0.1040423112629012,0.0114963969128085,0.0140715000218165,0.0938848860228306,2404.389892578125,0.0012401602113249,0.0056722722533031,0.0059827740386055,0.0059827740386055,0.0059827740386055,0.0043173486891204,0.0155608188920138,108.328125,0.0004328067585415,0.0004328067585415,0.0002885586515477,0.0002885586515477,0.0002885586515477,0.0006491399124408,0.00050492300997,-0.536432103210857,0.0208208195111806,0.0387062361187685,0.00462457,0.00918921,-0.1864406779661016,0.0793650793650793,-0.1641791044776119,-0.1999999999999999,-1.0,-0.3488372093023255
2017-07-05,19:00:00,FOMC Minutes,2602.9,0.0032246796532354,0.0022599053682385,-0.0365269669978043,-0.0172807186363668,-0.1103483783587067,-0.082945332879967,-0.1588852874622487,2432.5400390625,0.0007237894350859,-0.0086891978717803,-0.0023064853021646,-0.0023064853021646,-0.001379149198652,0.0051169146830873,0.0116523603265695,107.9765625,-0.0001446968603306,0.0,-7.234581301759391e-05,-7.234581301759391e-05,0.0002893309242607,0.0012290787073032,0.0010845595943991,-0.569265083910372,0.0285302773631368,0.033922699169138,0.0119697,0.00716732,-0.2439024390243902,0.0,-0.2727272727272727,0.0,-1.0,-0.4399999999999999
2017-08-16,19:00:00,FOMC Minutes,4378.84,0.0524738275637055,0.0288248964730528,-0.0133230478553842,-0.0134328099765865,-0.0411405377932807,-0.0113445186309421,0.0472395921262994,2468.110107421875,-0.0002105743440302,-0.0157679168312215,-0.0176049704925736,-0.0176049704925736,-0.0164429947780073,-0.0100108696500212,-0.010416014728222,108.21875,0.0004332442843417,0.0006497960591081,0.0005776173445796,0.0005776173445796,0.0008663009493559,0.0008663009493559,0.0004332442843417,-0.569072037976889,-0.0033931849353871,-0.0149631623637332,-0.00784022,-0.00535859,-0.2444444444444444,0.0175438596491228,-0.1304347826086956,-0.3770491803278688,-0.5555555555555556,-0.4230769230769231
2017-10-11,19:00:00,FOMC Minutes,4822.01,0.0154884385590696,0.1369953413588774,0.1745900953684612,0.20037789158915,0.1907528147927364,0.1618536774109196,0.2302648729631222,2555.239990234375,0.0018096360693141,0.0001214589489628,0.0009991809538089,0.0009991809538089,0.0027484034861147,0.0041628159028784,0.0095945562029192,107.7578125,-7.24979157166698e-05,0.0,0.000217462216797,0.000217462216797,-0.0005801305456394,-0.0007977662967977,-0.0008703220740833,-0.576709435427601,0.0580400776613257,0.0633097970209989,0.02964818,0.01236077,-0.2531120331950207,-0.064516129032258,-0.1714285714285714,-0.1794871794871795,-0.8181818181818181,-0.4915254237288136
2018-01-03,19:00:00,FOMC Minutes,15155.62,0.0325013905769053,0.0317125931747478,0.1430990259892789,0.1561089017577022,0.0221795047487111,0.0148211601917502,-0.0625494471295615,2713.06005859375,0.0056219750687145,0.0096425179240416,0.016651663812627,0.016651663812627,0.0183126275799239,0.0185018652857015,0.0322378174536777,106.96875,-0.0001460600309323,-0.0006574382062287,-0.0007305135835129,-0.0007305135835129,-0.0006574382062287,-0.0007305135835129,-0.0013153089218163,-0.616892887043843,0.0008240942562954,-0.0016414907960316,-0.00740095,0.0015568,-0.0049751243781094,0.3461538461538462,0.0638297872340425,0.0303030303030302,-0.1666666666666666,-0.368421052631579
2018-02-21,19:00:00,FOMC Minutes,10449.4,-0.0723487032994757,-0.1320981794291386,-0.0998346081070413,-0.1477998698835777,-0.0843541810590768,-0.0853038119372402,-0.0182753371472895,2701.330078125,-0.0070824517966144,-0.0061093743110366,0.0097919039340844,0.0097919039340844,0.0214803425547119,-0.0024657749704117,-0.0108209553400895,106.4765625,-0.00014673514333,0.0002200623518875,0.0004400762869908,0.0004400762869908,0.0005867253560321,0.0,0.0005867253560321,-0.560348727690084,0.0162458469631181,0.0034137481636504,0.00869288,-0.00356267,-0.1896551724137931,-0.0163934426229508,-0.28,-0.05,-0.3333333333333333,-0.3333333333333333
2018-04-11,19:00:00,FOMC Minutes,6940.94,0.0168815016690205,0.149312654331708,0.1459170996713565,0.1589370800031022,0.1648865409911718,0.1802607513240312,0.2611039147016682,2642.18994140625,-0.0006431803089878,0.0075737183886691,0.0046829185619625,0.0046829185619625,0.0127592553635256,0.0241953473849454,0.0098795884007601,106.265625,7.352130283057819e-05,-0.0006619350809854,-0.0010298662084298,-0.0010298662084298,-0.0010298662084298,-0.0018397915186911,-0.0022081563513827,-0.501880298972023,0.0035551653960099,0.0003591184391523,-0.02133602,0.01981545,-0.2115384615384615,0.1481481481481481,-0.5111111111111111,-0.4193548387096774,0.0588235294117647,-0.2786885245901639
2018-05-23,19:00:00,FOMC Minutes,7502.89,-0.0621487543422297,-0.051016594293422,-0.0663840821323569,-0.0846446621834467,-0.1155832345435559,-0.0792421536177731,-0.0609885416440909,2733.2900390625,0.0070898411170427,0.00506457815932,0.0027045751051342,0.0027045751051342,0.0027045751051342,0.0036888779452657,0.0075763444110713,106.015625,0.0010322201019727,0.0014006120751941,0.0019897570955488,0.0019897570955488,0.0019897570955488,0.0030934693594629,0.0020633758241866,-0.565764132913018,0.0018202533158868,0.0176514535752491,-0.01105005,0.0058411,-0.2697095435684647,0.1851851851851851,-0.4545454545454546,-0.3999999999999999,-0.2307692307692307,-0.3913043478260869
2018-07-05,19:00:00,FOMC Minutes,6533.69,-0.0063970022811158,0.0031748830015132,0.0276525405677055,0.019723245960038,-0.0429049547580387,-0.051767086177335,-0.0517510706230284,2736.610107421875,0.00454885266669,0.01299437026727,0.01299437026727,0.01299437026727,0.0252459103714335,0.0268374155796891,0.0279160711162976,105.84375,-0.0004427717583959,0.0,0.0,0.0,-0.0008857396504676,-0.0008857396504676,-0.0005165861153218,-0.538975000541934,0.0288729214524237,0.026684150184029,0.01696951,0.00096195,-0.1752577319587629,0.1153846153846154,-0.183673469387755,-0.4210526315789473,0.1111111111111111,-0.3478260869565217
2018-10-17,19:00:00,FOMC Minutes,6437.29,-0.0031609275203384,-0.0095676344540507,-0.0115583015151762,-0.006963222346927,-0.0080241542566082,-0.0071035751942148,-0.0080179101884729,2809.2099609375,-0.0008752939560505,-0.0153717845313917,-0.015733019666671,-0.015733019666671,-0.0200418167631489,-0.0569196668049838,-0.0559450868362729,105.2578125,-0.0002226427705957,-7.420874924563489e-05,-0.0006680770764016,-0.0006680770764016,-0.0005195769276286,0.0007417847680837,0.0016312007769082,-0.576547241181402,0.0045267089250626,0.0085903425339339,-0.01284894,0.01391194,-0.31,0.0,-0.4754098360655738,-0.2352941176470588,0.1999999999999999,-0.6000000000000001
2018-11-29,19:00:00,FOMC Minutes,4249.8,0.0070912988125506,-0.0607475626137824,-0.0189906378939848,-0.0282937754410309,-0.0779019140208418,-0.2051059818194753,-0.2163581960456949,2737.800048828125,0.0003032376258362,0.0084407853424537,0.0084407853424537,0.0084407853424537,-0.0135774417017399,-0.0151008296158842,-0.0386971650722064,105.46875,-0.000148137175295,-0.000148137175295,-0.000148137175295,-0.000148137175295,-0.0002962962984639,0.0005183073678655,0.0014062097569422,-0.480697933139238,0.0168111393250812,0.0199979943710052,-0.00350011,0.0076672,-0.2920353982300885,-0.0454545454545454,-0.4545454545454546,-0.3770491803278688,0.3333333333333333,-0.3333333333333333
2019-01-09,19:00:00,FOMC Minutes,4002.13,0.0018457203547159,-0.0964345365454509,-0.0951920317055457,-0.0993001053253856,-0.0863491359313025,-0.1024068329703637,-0.1014920872058832,2584.9599609375,0.0019206199078778,0.0064288612823399,0.0062825527378574,0.0062825527378574,0.0010111581506078,0.0138952975594572,0.0345549411055485,105.9921875,0.0004423473973632,0.0004423473973632,0.0007371369934254,0.0007371369934254,0.0008844992100198,0.0007002930459606,-0.000626993953452,-0.438764264887684,0.0296543238287011,0.0617694845197529,0.06726481,-0.04407128,-0.3688888888888889,-0.0416666666666666,-0.4181818181818182,-0.4181818181818182,-0.4545454545454546,-0.5357142857142858
2019-02-20,19:00:00,FOMC Minutes,3936.53,0.0119110327302702,0.0026905201126451,0.0127464451208686,0.0558929487935103,-0.0179523226439024,-0.023790237790647,-0.0215339808509907,2784.699951171875,0.002030969862351,-0.0015016994634903,0.00488893923122,0.00488893923122,0.0061200436809718,0.0047850765718334,0.0088272255615959,106.0390625,-0.000221002616097,-0.0007000092392319,0.0,0.0,-0.0003315222426532,-0.0005894488823779,-0.0014742741871202,-0.568150009089973,-0.019632390454607,-0.0074414970445995,-0.05823863,0.03329412,-0.3568904593639576,0.04,-0.4901960784313726,-0.4939759036144578,-0.3333333333333333,-0.3809523809523809
2019-04-10,19:00:00,FOMC Minutes,5323.47,0.0265426002961285,-0.028136982234637,-0.0209902466645454,-0.0234991286686831,-0.0306976962629489,0.0095395602368173,0.0202184864227013,2888.2099609375,0.0023710033873015,0.0024091257276443,0.00899670411719,0.00899670411719,0.0083671368728329,0.0065999643772341,0.0081778112014837,106.4296875,0.0004038105082313,-0.0001836041499696,-0.0009918631307435,-0.0009918631307435,-0.0009918631307435,-0.001212410825076,-0.0009183580404828,-0.61048354596492,-0.0270331950090872,-0.0066588950192541,-0.04631341,0.01353779,-0.3525179856115108,-0.2222222222222222,-0.40625,-0.1612903225806451,-0.5294117647058822,-0.5061728395061729
2019-05-22,19:00:00,FOMC Minutes,7624.95,-0.0416430135974504,-0.0087129564305851,0.0062502554837213,0.0144202945667598,0.0983512625400274,0.0860396308112772,0.0725349652411279,2856.27001953125,7.351148645935257e-05,-0.0119121807548226,-0.0105595369827853,-0.0105595369827853,-0.0105595369827853,-0.025906397150277,-0.037093329725733,106.52734375,0.0005134976638653,0.0022720619566001,0.0014298024542771,0.0014298024542771,0.0014298024542771,0.0029307270857994,0.0053421275966393,-0.596533645834695,,,,,-0.3023255813953489,0.2307692307692307,-0.5438596491228069,-0.1304347826086956,-0.6000000000000001,-0.6307692307692307
2019-07-10,19:00:00,FOMC Minutes,12098.95,-0.0385825012188699,-0.1025503918636875,-0.0628468419124132,-0.0999500770409306,-0.1475360932102632,-0.2596423002419641,-0.1769573104470124,2993.070068359375,0.0012603767257698,0.0035429963047184,0.0081525306067849,0.0081525306067849,0.0083283843351688,-0.0016338656859344,-0.0042541574419601,107.3984375,0.0014194983183923,0.0008009903581243,0.0010921005817877,0.0010921005817877,0.0011648648981991,0.0010557164379936,0.0014194983183923,-0.579161221443681,-0.0792880481684813,-0.0434847809950145,-0.04819454,-0.02008167,-0.4782608695652173,-0.1739130434782609,-0.6176470588235294,-0.3023255813953489,0.0,-0.7014925373134329
2019-08-21,19:00:00,FOMC Minutes,10134.75,-0.0616064906802291,-0.0638527769563338,-0.0356169628163299,-0.0601324548836534,-0.0395307414923842,-0.1042370216126212,-0.1179251076755382,2924.429931640625,0.0008175506667153,0.0003113477074368,-0.025977533415401,-0.025977533415401,-0.0150544206846031,-0.0117385909545968,0.0015114722463744,107.74609375,-0.0010508199173308,-0.00184873088379,-0.0005071545118663,-0.0005071545118663,-0.0010508199173308,-0.0003984568904256,-0.0006158639497645,-0.547421544792162,0.0057597881658217,0.005437118376253,0.0321365,0.01587817,-0.2610169491525424,0.1929824561403508,-0.4603174603174603,-0.1379310344827586,0.3999999999999999,-0.514018691588785
2019-10-09,19:00:00,FOMC Minutes,8586.34,0.0477655144315354,0.0472727500776661,0.0096892207988779,0.0142616285145165,0.0214089647209438,-0.0234793942694877,-0.0285963356271961,2919.39990234375,0.0028470320877231,0.0092422344995057,0.0201218141732948,0.0201218141732948,0.0187337325000756,0.026638633323371,0.0254706095833467,107.9921875,-0.001048426552535,-0.0021703752415496,-0.0037649829073889,-0.0037649829073889,-0.0034386062295448,-0.003293584113418,-0.0030036029601607,-0.515184590798838,0.0444457368708179,0.0520263017902474,0.03783711,-0.00635194,-0.4653465346534653,-0.037037037037037,-0.6521739130434783,-0.25,-0.7777777777777777,-0.6635514018691588
2019-11-20,19:00:00,FOMC Minutes,8088.44,-0.0043966092144335,-0.0651709157176896,-0.1088983800889787,-0.1041688857929969,-0.1316242489734941,-0.0762243429633956,-0.0466636319514305,3108.4599609375,-0.0019925546509299,-0.0035765607371193,-0.0014039867947433,-0.0014039867947433,0.0060752650927237,0.0124341643629637,0.0084148781329747,107.6953125,0.0005442177005067,0.0,-0.0004718950302645,-0.0004718950302645,-0.0002903705874998,-0.0009440128505862,-0.0005082038732872,-0.5761178153477,0.0241120849794364,0.0323105561307227,-0.00203778,0.01565653,-0.3602484472049689,0.180327868852459,-0.6065573770491803,-0.4814814814814814,-0.3999999999999999,-0.4311926605504587
2020-01-03,19:00:00,FOMC Minutes,7338.91,0.0550675671728211,0.0558262475956896,0.0574886995640916,0.1112126015922594,0.1468584065053246,0.1660113912064212,0.1636622927704983,3234.85009765625,0.0026279891386051,0.0026279891386051,0.0026279891386051,0.0061551343328777,0.0082384327339239,0.0120123843633257,0.0120123843633257,107.83203125,0.0008697858700777,0.0008697858700777,0.0008697858700777,0.0005437048179321,-0.0001813006513659,0.0,0.0,-0.567853405322461,0.0050688259814271,0.0080369501579899,-0.01172623,0.0081055,-0.2808988764044944,0.0120481927710843,-0.3898305084745763,-0.1219512195121951,-0.7777777777777777,-0.5466666666666666
2020-02-19,19:00:00,FOMC Minutes,9595.72,-0.0601191217021056,-0.0583449048489302,-0.0497094506014966,-0.0526013782573158,-0.0542110502991363,-0.1490327753776238,-0.1576719798376452,3386.14990234375,0.0017024982728188,-0.0021203191551785,-0.0126941283879984,-0.0126941283879984,-0.046782207808439,-0.0813158095073223,-0.1347564089692365,107.96484375,-0.0003255738267404,0.0002531508249963,0.001048350751234,0.001048350751234,0.0025286290249656,0.0044389181315388,0.0085713781511841,-0.535616200074312,0.0136369892235559,0.0250977045630335,0.00277641,0.00612034,-0.2740740740740741,0.0769230769230768,-0.4444444444444444,-0.2368421052631579,-0.6666666666666667,-0.3902439024390243
2020-03-15,21:00:00,FOMC Minutes,5343.64,0.0335412784525497,-0.0262661166956142,0.030045043416261,0.0453138244119315,0.1838176497314906,0.1177568023749918,0.2699343902377188,2711.02001953125,0.0776040776960524,-0.050048119776765,0.0081781928589267,-0.0450440794731533,-0.0846749425561192,-0.0846749425561192,-0.0247232110477327,109.73828125,-0.0028436375043006,-0.0014563540448144,-0.0035558121596194,-0.0038051931616422,-0.0013141773189049,-0.0013141773189049,-0.0014208079682088,0.0319864500649994,-0.2128820585527473,,,,-0.444015444015444,-0.3617021276595744,-0.6610169491525424,-0.4782608695652173,0.3333333333333333,-0.3090909090909091
2020-05-20,19:00:00,FOMC Minutes,9516.51,-0.0269329044044559,-0.0758193795256132,-0.0638100854689481,-0.0625570494169615,-0.0935098925966785,-0.059671239088884,-0.0370156034648066,2971.610107421875,0.0060690469342243,-0.0017349213757293,0.000616024311083,0.000616024311083,0.000616024311083,0.0275487568228578,0.0302394110502462,110.265625,0.0001417133142029,7.085916743441566e-05,0.0001062868683574,0.0001062868683574,0.0001062868683574,-0.0001062981664566,0.000283406548588,-0.12588288433537,0.0029002102007653,,0.00405068,-0.01827923,-0.3695652173913044,-0.6538461538461537,-0.8867924528301887,-0.2783505154639175,0.1764705882352941,0.0526315789473684
2020-07-01,19:00:00,FOMC Minutes,9233.38,0.0105051136824811,-0.0048239762529462,-0.0081110468486737,0.0001783817713881,0.0228658858639972,0.032335022454553,0.015921797418442,3115.860107421875,0.0031952894372366,0.0077262599140535,0.0077262599140535,0.0077262599140535,0.0234831907462169,0.0204026991400034,0.0251549174382518,110.37890625,-0.0003184544371692,-0.0001415227854046,-0.0001415227854046,-0.0001415227854046,-0.0002476780198419,-7.075888911496419e-05,-7.075888911496419e-05,-0.386199640142627,0.0050688259814271,,-0.03618637,0.03390716,-0.2607003891050583,-0.2881355932203389,-0.8604651162790697,0.1891891891891892,0.2857142857142857,-0.4626865671641791
2020-08-19,19:00:00,FOMC Minutes,11757.55,-0.0162356909447756,-0.0076130059490285,-0.0356280448145983,-0.0239069380498615,-0.0158742863952231,-0.0410573778692777,-0.0352084217062817,3374.85009765625,-0.0052191554509938,-0.0020655006826476,0.0013696993003247,0.0013696993003247,0.0113633146652282,0.02509721575561,0.0334788646369893,110.4140625,0.0,0.0,-3.537881870493363e-05,-3.537881870493363e-05,-0.0001769066114614,-0.0002122916895776,7.07538826488253e-05,-0.50078395538849,0.0015695330903927,,-0.0061501,0.0020033,-0.2846715328467153,-0.2222222222222222,-0.5849056603773586,-0.096774193548387,-0.2941176470588235,-0.368421052631579
2020-10-07,19:00:00,FOMC Minutes,10669.14,0.0062835603485414,0.0300001455460226,0.0415395051569475,0.063837012866081,0.0843989449336778,0.075068083438225,0.0656634683273116,3419.43994140625,0.010252847843128,0.0182310607379973,0.0269861559187502,0.0269861559187502,0.0432686860770744,0.0302966223638518,0.0289026093062692,110.40625,-0.0001768878358847,0.0,-0.0001415077654747,-0.0001415077654747,-0.0001415077654747,0.0001061176846116,3.537381277002083e-05,-0.489886642297026,0.0083643686775334,,-0.02449582,0.02354933,-0.1956521739130434,-0.21875,-0.0714285714285714,0.0555555555555555,-0.3333333333333333,-0.5072463768115942
2020-11-25,19:00:00,FOMC Minutes,18732.43,-0.0233578804630412,-0.1110277880900477,-0.1113600093594609,-0.0776912531836048,0.0270141534761288,0.0026780094376537,-0.0264947970060302,3629.64990234375,-0.0016104551177249,-0.0016104551177249,0.000783655908176,0.000783655908176,-0.0038224847287959,0.0091752204614013,0.0173483320962938,110.40234375,7.076640014272053e-05,7.076640014272053e-05,0.0001769066114613,0.0001769066114613,0.0002476604941103,-3.538507811623298e-05,0.0002122841785499,-0.55328449004559,0.0056963286432226,,-0.00257011,0.00146343,-0.2937062937062937,-0.3461538461538462,-0.2631578947368421,-0.146067415730337,-0.8999999999999999,-0.2941176470588235
2021-01-06,19:00:00,FOMC Minutes,36849.94,0.0781069041357728,0.1478191199942362,0.1766715877730268,0.1660910794019605,0.0395335591110646,0.0927495388227136,0.0755698989148891,3748.139892578125,0.0096350086441393,0.0243732687518922,0.0298501061454076,0.0298501061454076,0.0232737785287863,0.0259625369460821,0.0149860230790604,110.42578125,-0.0004244031893941,-0.0002475466372821,-0.0002475466372821,-0.0002475466372821,-0.0003536568151162,-0.0004244031893941,-0.0002121790799388,-0.60968936271551,0.009631586265307,,0.00973279,-0.0094732,-0.0739299610894941,-0.1666666666666666,-0.1481481481481481,0.1,-0.2727272727272727,-0.0333333333333333
2021-02-17,19:00:00,FOMC Minutes,52174.28,0.0599834433846659,0.0485188724572129,0.1305415315965867,0.129602685364914,0.0975884180978645,0.0124846526117081,-0.059143997588732,3931.330078125,0.0032688833827133,-0.0011567308445298,-0.0030133499401947,-0.0030133499401947,-0.0107762428339055,0.0017669544486066,-0.0277779722693637,110.5,0.0002474853731099,0.0002828354270225,0.0003181842313528,0.0003181842313528,0.0002121340695269,3.535880346170466e-05,-0.0004244031893941,-0.62332416733251,0.0063787363719162,0.0313837898053876,0.0210899,-0.01930692,-0.2490118577075098,-0.3999999999999999,-0.4444444444444444,-0.1466666666666666,0.1304347826086956,-0.1707317073170731
2021-04-07,19:00:00,FOMC Minutes,55932.83,-0.0367207222475256,0.0012349135881286,0.0014579654479222,0.029580269192768,0.0306627235314085,0.0820416795983049,0.0571276602861538,4079.949951171875,0.0013882134999963,0.0055999644405881,0.0132902525762754,0.0132902525762754,0.0130941545015359,0.0122871220578683,0.0269225468495056,110.37890625,0.000176962962114,0.0002123517969403,0.0001061815351308,0.0001061815351308,-0.0001415929205905,3.539509778266554e-05,3.539509778266554e-05,-0.655552662100876,0.0004597150863501,-0.0047685539379062,-0.03571443,0.02755048,-0.0615384615384615,0.0136986301369863,-0.073170731707317,-0.0277777777777777,0.3333333333333333,-0.2881355932203389
2021-05-19,19:00:00,FOMC Minutes,36780.43,-0.1539257290131781,-0.0541166905631935,-0.1389561292560495,-0.1345363063848134,-0.0994446003722827,-0.0874238929670147,-0.1839521772605064,4115.68017578125,0.0041952111692122,0.0146946405037206,0.0139104524284677,0.0139104524284677,0.023772949909684,0.0235204620594658,0.0254536846022161,110.390625,-0.0001769128708727,0.0,-7.076139261376693e-05,-7.076139261376693e-05,3.537881870489557e-05,0.0002122541397525,0.0003183643175867,-0.688789594120381,0.0057640653936721,-0.0019361653641728,-0.00565549,0.00115184,-0.1739130434782609,0.0357142857142857,-0.4339622641509433,-0.186046511627907,0.0769230769230768,-0.1764705882352941
2021-07-07,19:00:00,FOMC Minutes,33882.47,-0.01026164699699,-0.039723539512315,-0.0119169689058151,-0.0210887444866061,-0.0334750901149989,-0.0420131729267667,-0.0867283481586692,4358.1298828125,0.0016350911941326,-0.0069627898154236,0.0042520360869902,0.0042520360869902,0.0076972687825843,0.0053385141668881,-0.005496474402671,110.2421875,0.0001063056998572,0.0004959966090489,0.0001063056998572,0.0001063056998572,-0.0002126453084281,-0.0001417585146081,-7.087674536953422e-05,-0.680935206797713,0.0284021989549903,-0.0243608417042236,0.04056258,-0.01796146,-0.1142857142857143,0.096774193548387,-0.2058823529411764,0.0933333333333333,-0.1999999999999999,-0.4461538461538461
2021-08-18,19:00:00,FOMC Minutes,44721.13,0.002006881279172,0.0466808757304205,0.1006201234515398,0.0910178842077975,0.1047724840548205,0.0936208496978008,0.0954297987993323,4400.27001953125,-0.0092001454375297,-0.0079442421813727,0.000164361709369,0.000164361709369,0.0086520296937812,0.0123643058989941,0.0152914276118437,110.2578125,0.0,0.0,-3.542895608951333e-05,-3.542895608951333e-05,0.0,-3.542895608951333e-05,0.0003896356955587,-0.648342253618252,0.010103557985507,-0.0383044605770832,-0.00977912,0.01199248,-0.2805280528052805,-0.0158730158730158,-0.5,-0.2371134020618557,-0.7777777777777777,-0.3414634146341463
2021-10-13,19:00:00,FOMC Minutes,57374.55,0.024166816437199,0.0241150499854561,0.0961584351397399,0.0833107051192742,0.1022590911271173,0.1640739042902651,0.0805538398803772,4363.7998046875,0.0013277152788976,0.0182468775646093,0.0256793982017994,0.0256793982017994,0.0290484860036032,0.0400719623863998,0.0419902263300954,109.828125,-0.0006044552087184,-0.0002844039977931,-0.0012092760045284,-0.0012092760045284,-0.0017076385379812,-0.0010669323154513,-0.0024556483326048,-0.652181331891267,0.0081813852024888,0.0209962958874471,-0.02207027,0.02207027,-0.285171102661597,-0.2602739726027397,-0.4666666666666666,-0.0169491525423728,-0.6363636363636365,-0.3333333333333333
2021-11-24,19:00:00,FOMC Minutes,57185.06,-0.0069505129424799,0.0241271228944697,-0.0681676962196554,-0.0500155101503587,0.0045259055868601,-0.0057877734268526,-0.0690169236337434,4701.4599609375,0.0054771426720557,0.0054771426720557,-0.0175098684872653,-0.0175098684872653,-0.0043960324044411,-0.0354249550502475,-0.0298147717959283,109.48046875,-0.0005707151929476,-0.0005707151929476,0.0014253646000861,0.0014253646000861,0.0016389941672305,0.0007485697321411,0.0003565316637881,-0.567258783300548,0.0147321863777009,0.0077737947899903,-0.01084204,0.01680361,-0.3300492610837438,-0.2244897959183673,-0.5555555555555556,0.0384615384615384,-0.5,-0.6000000000000001
2022-01-05,19:00:00,FOMC Minutes,43435.8,-0.0536280739768615,-0.0614447487408558,-0.0983597244675046,-0.0946322984662292,-0.0909297073694356,-0.0422349328255561,-0.0613345398601127,4700.580078125,-0.0184248261114852,-0.0193890598516663,-0.0234475009340027,-0.0234475009340027,-0.0248895714715417,-0.0129574930044753,-0.0264838779692854,108.88671875,-0.0013264741041901,-0.0023673743973792,-0.0020801212535728,-0.0020801212535728,-0.0027265569018693,-0.0026547100792641,-0.0037329548014915,-0.556413909890434,0.0575065150606621,0.0664598230323995,-0.01892616,0.05444743,-0.2791519434628975,0.0163934426229508,-0.3666666666666667,-0.1333333333333333,-0.3333333333333333,-0.5
2022-02-16,19:00:00,FOMC Minutes,43901.48,-0.0155784059158006,-0.0948399910270128,-0.1087222371301982,-0.1059251917390089,-0.1845403955545582,-0.1792255766625014,-0.1280428743237744,4475.009765625,0.0043131370651839,-0.0170873670717526,-0.0242793287356191,-0.0242793287356191,-0.0242793287356191,-0.0530577999194235,-0.0160856141154336,107.65625,0.0010164816093401,0.0018144215160282,0.002176911098422,0.002176911098422,0.002176911098422,0.0004357615001048,0.0008713331948316,-0.497598302221323,0.0024367929362663,-0.0006532595794417,0.00874257,-0.0167006,-0.336322869955157,0.0612244897959183,-0.3877551020408163,-0.375,-0.6000000000000001,-0.5714285714285714
2022-04-06,19:00:00,FOMC Minutes,43191.59,-0.052351100473924,-0.0462817968017583,-0.073443648277503,-0.0622093134694503,-0.1410670598189684,-0.1008278962520368,-0.1151361422697583,4481.14990234375,-0.0029012957575362,0.001343069794501,-0.0013114768810513,-0.0013114768810513,-0.0183328114657474,-0.0106435087272978,-0.0228619891108061,105.55078125,0.0004812230561689,0.0013320508148848,0.0001851131972483,0.0001851131972483,0.0007032479238659,0.0041752171351921,0.0022560432669266,-0.370464897711214,0.1380725519334621,0.0811820951118735,0.09337312,0.00493944,-0.4724409448818898,0.0,-0.6140350877192982,-0.4933333333333333,-1.0,-0.6000000000000001
2022-05-25,19:00:00,FOMC Minutes,29510.15,-0.0039359717266951,-0.0150818397479673,-0.0356314257001999,-0.0210013798423627,0.068630810581571,0.0054152416150135,0.0014456309123542,3978.72998046875,0.0124275508827691,0.0321157168904899,0.0565568470863118,0.0565568470863118,0.0565568470863118,0.0427518068514894,0.0445326266572175,106.01953125,0.00051595785032,0.0008843362527764,0.0011052981745711,0.0011052981745711,0.0011052981745711,-0.0015125526282146,-0.0014756338679425,-0.280721244110304,-0.0230993341649731,-0.0468088297998246,-0.00708619,-0.0247876,-0.390625,-0.0434782608695651,-0.4339622641509433,-0.4153846153846154,-0.7142857142857142,-0.5058823529411764
2022-07-06,19:00:00,FOMC Minutes,20547.45,0.0188057742831478,0.0707768792459731,0.0680277143621492,0.0682227459673841,-0.0107164644789861,0.003351737177477,0.0327219118333947,3845.080078125,0.0034127935098003,0.0182665166907306,0.0174359002946032,0.0174359002946032,0.0058414826340777,-0.0079122499752326,0.0081038428706365,105.0,-0.0024894582496575,-0.0039786618011253,-0.0056193512585853,-0.0056193512585853,-0.0043885818724525,-0.0053208437936821,-0.0052462308483015,-0.166165438555026,0.0936264463840153,0.0807065955438721,0.04562897,0.03077943,-0.5313807531380754,-0.2727272727272727,-0.5517241379310345,-0.6799999999999999,0.0,-0.6216216216216217
2022-08-17,19:00:00,FOMC Minutes,23340.0,-0.022286225089054,-0.0282594707558508,-0.1355326515686104,-0.1210040896371291,-0.1085500432904239,-0.110373197851939,-0.1643000583949158,4274.0400390625,-0.0014869154489535,0.0007800741574311,-0.0122038545556076,-0.0122038545556076,-0.0338362210221022,-0.0331646747578156,-0.0534400092387482,104.53125,-0.0006350748294215,0.0002987192434745,0.0,0.0,-0.0011957701062357,-0.0013453419570923,-0.0019812720262183,-0.240567188034494,0.0101187982547734,0.0006461299362304,-0.00587286,0.00013722,-0.4924242424242424,-0.3134328358208955,-0.6071428571428572,-0.536231884057971,-0.1999999999999999,-0.5522388059701493
2022-10-12,19:00:00,FOMC Minutes,19157.0,0.0050238213360281,0.0164424329715095,0.006275842992615,0.0002622813244505,0.0251774592239489,0.0034043031804151,0.0054413360855825,3577.030029296875,-0.0038505399580967,0.0217837193495343,-0.002163401394994,-0.002163401394994,0.0239721231625677,0.0286404361299707,0.0441055092516511,102.56640625,0.0004571254508005,-0.002747149653973,-0.0035880640067143,-0.0035880640067143,-0.0024033429463557,-0.0045062323255509,-0.0031292957913048,-0.100504860108848,0.1345516280700031,0.1184250921823904,0.12578561,-0.03414209,-0.5087719298245614,-0.3114754098360655,-0.8367346938775511,-0.4576271186440677,1.0,-0.5172413793103448
2022-11-23,19:00:00,FOMC Minutes,16603.0,0.0246338899876483,0.0239108677232174,0.0188955999523345,0.0156190968087376,0.0006788238095837,0.0582141629713833,0.0538365111532636,4027.260009765625,0.006716875888079,0.006716875888079,0.0064337916258765,0.0064337916258765,-0.0091309051681881,0.0197546046514824,0.0176912201581143,102.16015625,0.0006502323853572,0.0006502323853572,0.0008031668150185,0.0008031668150185,0.0008413967681916,0.0027128763557639,0.0049235801071558,-0.17482805093704,-0.0788087712153469,-0.0816201757661252,-0.07990243,0.00337991,-0.6000000000000001,-0.2653061224489796,-0.6363636363636365,-0.7714285714285714,-0.4285714285714286,-0.6571428571428573
2023-01-04,19:00:00,FOMC Minutes,16849.0,0.0105006632779263,0.0091346645503,0.0164771892481373,0.0161821604806928,0.0298970630659866,0.0726846430387197,0.1784856640022787,3852.969970703125,0.0032781316921238,-0.0084357374443332,0.0141480981446975,0.0141480981446975,0.0133801708187068,0.0331017399815943,0.0405007170382932,102.6015625,3.807275704333214e-05,-0.00121909421171,0.0023577741375877,0.0023577741375877,0.0035725182417118,0.0030032906681383,0.0027755088821034,-0.224791132711105,0.0906897317747928,0.0789941988274127,0.11144638,-0.0239868,-0.4137931034482758,-0.4375,-0.56,-0.1999999999999999,1.0,-0.5081967213114753
2023-04-12,19:00:00,FOMC Minutes,29903.0,-0.0117026502626475,0.0051100416149884,0.0079996476185357,0.0025418007644042,-0.0270354639975648,-0.0483490121110442,-0.1044611607466557,4091.949951171875,-0.0072489869774551,0.0059265235203762,0.0038550059357982,0.0038550059357982,0.0071557095184131,0.0079262987739396,0.0028587448429292,103.3984375,0.0009827267676782,0.0008693844927774,-0.0015895246127638,-0.0015895246127638,-0.0031436442895158,-0.0047381776569751,-0.0032574552496341,-0.158207421264305,-0.0598830994482333,-0.0561336882111166,-0.03080003,0.00292668,-0.5315315315315314,-0.1363636363636364,-0.7419354838709677,-0.595505617977528,-0.3333333333333333,-0.6363636363636365
2023-05-24,19:00:00,FOMC Minutes,26325.0,-0.0336166107989849,-0.027821469303559,-0.0187981732514037,-0.0130508165090325,0.0190641346880696,-0.0002204099634225,0.0009545488646077,4115.240234375,-0.0042966352424361,0.0044228208365755,0.0173875017682165,0.0173875017682165,0.0173875017682165,0.0112767467126681,0.0355127741886292,102.3828125,-0.0013725791387799,-0.0040851445568354,-0.0057698713787183,-0.0057698713787183,-0.0057698713787183,-0.0024414447161876,-0.0039703801107349,-0.21286386437491,0.0314001989502402,0.0502874887102206,0.00227003,0.0162348,-0.5,-0.3469387755102041,-0.641025641025641,-0.537037037037037,0.0,-0.5
2023-07-05,19:00:00,FOMC Minutes,30501.0,-0.0086832170570595,-0.0281829493433805,-0.0137120695423648,-0.0155260242951276,-0.011309527617559,-0.0125923592327222,-0.0142723952051075,4446.81982421875,0.0010754552755833,-0.0068786059003114,-0.0097478186960449,-0.0097478186960449,-0.0073456800854185,0.0067578091482257,0.0141673599409455,101.52734375,-0.0003462137712257,-0.0015396461855927,-0.0002307958620853,-0.0002307958620853,0.0010379227102807,0.0034172315309526,0.0033405679307924,-0.229915312515055,0.0978636108287462,0.0805581425229758,0.06760967,-0.01510254,-0.3917050691244239,-0.1692307692307692,-0.5789473684210527,-0.4074074074074074,0.4285714285714286,-0.6226415094339623
2023-08-16,19:00:00,FOMC Minutes,28701.0,-0.0162430997242488,-0.0906861471591177,-0.1131189099098715,-0.1113546998948754,-0.1102823548034137,-0.0986375013952867,-0.113234075268259,4404.330078125,-0.0066665919121528,-0.0144094032896819,-0.014558121173639,-0.014558121173639,-0.0077024863138393,0.0005005133504065,-0.0063533395733063,101.30859375,-0.000462588189121,-3.85408436638113e-05,0.0003082732867078,0.0003082732867078,-0.0006168318172369,0.0002697443225542,-0.001735810191089,-0.315768020465853,0.0141242012130224,0.0012803742198726,-0.00328235,0.0072545,-0.3999999999999999,-0.3617021276595744,-0.393939393939394,-0.4285714285714286,0.0,-0.4285714285714286
2023-10-11,19:00:00,FOMC Minutes,26874.0,-0.0191647348594114,-0.0235652640564678,-0.0194252435972312,-0.0198719879552067,0.0402114555472978,0.0335267034969732,0.0804189124456669,4376.9501953125,0.0023698310672666,-0.0038961938733883,-0.0089276895336082,-0.0089276895336082,0.0016109527689817,-0.0119777053616139,-0.0331618868858278,101.421875,-0.0006545384775023,-0.0018492126855318,-0.0015407730023216,-0.0015407730023216,-0.002389211155801,-0.004668128305013,-0.0021963210832548,-0.304906273045421,0.0868855909499676,0.0867540819585115,0.03574754,0.01557634,-0.396039603960396,-0.2068965517241379,-0.4444444444444444,-0.3478260869565217,0.0,-0.6000000000000001
2024-01-03,19:00:00,FOMC Minutes,42865.0,-0.0479844317567939,-0.0176320770586767,-0.0176773412886267,-0.0218731675002476,0.0440011391847515,0.037297155752113,-0.0500161221442464,4704.81005859375,-0.0042969363447295,-0.007731208008047,-0.005907186368613,-0.005907186368613,0.00810875906774,0.0122797458659183,0.0123591587819913,102.8125,3.799464275992101e-05,-0.001292677542945,-0.0015590245947261,-0.0015590245947261,-0.0006461298945833,-0.0011785505194442,0.0029971378924064,-0.369021810120251,-0.0818607948106596,-0.0569217694372588,-0.06499937,0.0133351,-0.4285714285714286,-0.2549019607843137,-0.4883720930232558,-0.4042553191489362,1.0,-0.5737704918032787
2024-02-21,19:00:00,FOMC Minutes,51843.0,-0.00824093411875,-0.0196867019680299,-0.0296871774846603,-0.0136758877805274,0.0421801168498821,0.1788976834540004,0.1778093002357058,4981.7998046875,0.0037748342794798,0.0246777229458832,0.0250256099723852,0.0250256099723852,0.0212316707277167,0.0212770349453255,0.0344684418345133,101.9609375,-0.0008807705396391,-0.0019924141615423,-0.0016472890502651,-0.0016472890502651,-0.002491138588276,-0.0016472890502651,0.0008035048546932,-0.420362509359917,,,,,-0.3644859813084112,-0.28,-0.125,-0.5636363636363637,1.0,-0.4666666666666666
2024-04-10,19:00:00,FOMC Minutes,70630.0,0.0219002526472066,0.0131547740341161,-0.0286258078043776,-0.0758282531708844,-0.0854916797951797,-0.1201338429496072,-0.079472440977028,5160.64013671875,-0.0014018944177392,0.0060153275656033,-0.0086422602366452,-0.0086422602366452,-0.0207364560241044,-0.0285924556276126,-0.0396001869821548,101.53125,-0.0044529824061718,-0.0043375689372918,-0.002915230296289,-0.002915230296289,-0.0039145001438428,-0.0038375977713667,-0.004529932119572,-0.427949973000793,,,,,-0.341991341991342,-0.0769230769230768,-0.0270270270270269,-0.4193548387096774,1.0,-0.620253164556962
2024-05-22,19:00:00,FOMC Minutes,69118.0,-0.0148918909539747,-0.0320085254734984,-0.0231728500473564,-0.012622989096917,-0.0109354927529488,-0.0376317830278606,-0.0389202807735325,5307.009765625,-0.0023093714745519,-0.0097175337580239,-0.0027408846813506,-0.0027408846813506,-0.0027408846813506,-0.0098864309902071,-0.0078835642940326,101.59765625,-0.0009223320280309,-0.0019224859812288,-0.0023074270899933,-0.0023074270899933,-0.0023074270899933,-0.0031933543863486,-0.0016915924221333,-0.415603109834559,,,,,-0.3368983957219251,-0.0204081632653061,-0.2272727272727273,-0.6000000000000001,-0.3333333333333333,-0.5217391304347827
2024-07-03,19:00:00,FOMC Minutes,60142.0,-0.0311676126868551,-0.0840356153825603,-0.0913018489590048,-0.0631147857504666,-0.0899254834049564,-0.072047111659391,-0.0693486616297909,5537.02001953125,0.0053565586651279,0.0053565586651279,0.0107905330260975,0.0107905330260975,0.0118067155025021,0.0227038278586733,0.0194040419143718,102.15234375,0.0009947204125736,0.0009947204125736,0.0027521901092197,0.0027521901092197,0.0024467649932654,0.0020648523702304,0.0051922385957725,-0.384135201865303,,,,,-0.2537313432835821,-0.180327868852459,-0.0625,0.0,0.3333333333333333,-0.6190476190476191
2024-08-21,19:00:00,FOMC Minutes,61159.0,0.0357362173159503,0.0229667953153641,0.0824695141264667,0.0838573311885797,0.0630419432725649,0.0003557965220303,0.001710053326776,5620.85009765625,0.0031647120034445,-0.0058082302532126,0.0056097071484517,0.0056097071484517,0.0024509969788457,-0.0019489787031661,0.0080540985325412,103.38671875,0.0011719563559027,-0.0005675691167742,0.0010208133365332,0.0010208133365332,0.0006806579956491,0.0010586012330744,7.565154900156402e-05,-0.372448669199813,,,,,-0.4571428571428571,-0.3731343283582089,-0.4499999999999999,-0.5686274509803921,-0.3333333333333333,-0.4693877551020408
2024-10-09,19:00:00,FOMC Minutes,60582.0,-0.0249735871149155,-0.0300042116576102,0.0054268553141194,0.0172379535720219,0.0617433796766398,0.0849619675254037,0.096693773184304,5792.0400390625,0.0069717525382144,0.0048994840322318,0.0109330927395305,0.0109330927395305,0.0186112073141248,0.015640874059391,0.0194333858736272,103.34765625,-0.0011332730134017,-0.0008309412776042,0.0001132566964232,0.0001132566964232,-0.0010198879007455,0.0002265005672197,-0.00018878966999,-0.434051544279136,,,,,-0.3195876288659793,-0.1746031746031746,-0.2222222222222222,-0.2432432432432432,0.0,-0.6071428571428572
2024-11-26,19:00:00,FOMC Minutes,91928.0,-0.0116583452458796,0.0314549913372644,0.0281466846864516,0.0473114401523229,0.0450424802819691,0.0309130536885162,0.0426344275819157,6021.6298828125,0.0035935339208074,-0.0002149471627701,-0.0002149471627701,0.0053771732340314,0.0053771732340314,0.008273984356635,0.0124356401453886,102.69140625,7.608034087672411e-05,0.0007985550381578,0.0007985550381578,0.0015584912400921,0.0015584912400921,0.0017104092046836,0.002811124780869,-0.472915624032894,,,,,-0.3051643192488262,-0.0689655172413792,-0.096774193548387,-0.4242424242424242,0.0,-0.5555555555555556
2025-01-08,19:00:00,FOMC Minutes,95065.0,-0.0193456631495975,-0.0462439357900626,-0.0231714120179425,-0.0245873788630711,-0.0252537881582273,0.036370592045089,0.0716279444663684,5918.25,0.0012832703421216,0.0012832703421216,-0.0142483673081116,-0.0142483673081116,-0.0126741629300565,0.0066185929086239,0.0144451468761515,102.73046875,0.0001521086058375,0.0006463018454484,-0.0019795202322192,-0.0019795202322192,-0.0020557339354799,0.000380228141463,0.0001901321424113,-0.490175981862111,,,,,-0.32,-0.0943396226415094,-0.2820512820512821,-0.2777777777777777,-0.3333333333333333,-0.5454545454545454
2025-02-19,19:00:00,FOMC Minutes,96642.0,0.0107150941440433,0.0281020199195643,0.0054135094109044,0.0099905089373539,-0.0433693730549002,-0.1286366552665612,-0.1256673908872831,6144.14990234375,0.0043044155730541,-3.9189311236085454e-05,-0.0172505859837752,-0.0172505859837752,-0.0222320795500275,-0.0267867796588396,-0.027048741916701,102.73828125,0.0006465722389368,0.0007606298381478,0.0020903414866882,0.0020903414866882,0.0025458358957782,0.0041005448906588,0.0053879849564037,-0.504243272203428,,,,,-0.3846153846153846,-0.1228070175438596,-0.4193548387096774,-0.5692307692307692,-0.4285714285714286,-0.4054054054054054
2025-04-09,19:00:00,FOMC Minutes,82595.0,0.0799055013553737,0.0422541112885651,0.089412799785291,0.1118259568178759,0.1036896561416923,0.0973206233506106,0.1023291197622646,5456.89990234375,0.0944111976520813,0.0591905906279695,0.0771209714637475,0.0771209714637475,0.0850342907900906,0.0606417615998871,0.0619677202236598,103.5078125,-0.0044057081787892,-0.0025958894207101,-0.0045566743626509,-0.0045566743626509,-0.0022945711510104,-0.0014664137537816,-0.001654571129165,-0.396922189742397,,,,,-0.4952380952380952,-0.1929824561403508,-0.6744186046511629,-0.4545454545454546,-0.75,-0.6551724137931034
2025-05-28,19:00:00,FOMC Minutes,107811.0,-0.0107846850695389,-0.031714362920528,-0.0464466103643614,-0.0405811536403657,-0.0286219133089906,-0.039635554188844,-0.0430017557627819,5888.5498046875,-0.0062620744789928,-0.002258903608361,-0.0023400920653563,-0.0023400920653563,0.0017535594252696,0.0076107777053578,0.0125476159420363,103.28125,-0.0005671613726094,0.0002645652641242,0.0008312552432102,0.0008312552432102,0.0003023545886445,0.001548601846754,-0.0011724882676065,-0.455699356374231,,,,,-0.5175438596491229,-0.0416666666666666,-0.75,-0.5820895522388059,-0.7777777777777777,-0.6071428571428572
2025-07-09,19:00:00,FOMC Minutes,111287.0,0.0212509245773794,0.0629958713383137,0.0762489226454346,0.0752703782158919,0.0956213752939177,0.0858894074712383,0.0800095223209831,6263.259765625,0.003187072514334,0.0059295135872598,0.002626541814034,0.002626541814034,0.0040329661449707,0.0032573896046823,0.0085262795418851,103.7265625,0.0005273665696489,0.0003390532911232,-0.0005653444040146,-0.0005653444040146,-0.000263787614817,-0.0001130433145503,-3.76796850022646e-05,-0.504428188163261,,,,,-0.3714285714285714,-0.4230769230769231,-0.32,0.0285714285714285,-0.6666666666666667,-0.540983606557377
2025-08-20,19:00:00,FOMC Minutes,114263.0,0.0122660948916804,-0.0035324121899286,0.0350051626673078,0.0220983136133171,-0.0245207482068928,-0.0142500727162455,-0.0407592399257676,6395.77978515625,-0.001693484769212,-0.0057057044981631,0.0093665806606161,0.0093665806606161,0.0050910681209698,0.0116046722843889,0.008337679323063,103.83984375,3.7618734134080354e-05,-0.0007526720210819,0.0010152094271196,0.0010152094271196,0.0001880795205755,0.0014285179678245,0.0014660830022949,-0.527274164593456,,,,,-0.4571428571428571,-0.4222222222222223,-0.7142857142857142,-0.3333333333333333,-0.3333333333333333,-0.3962264150943396
2025-10-08,19:00:00,FOMC Minutes,123345.0,0.015836769501851,0.0023693769260205,-0.0717961177333976,-0.0917467258178344,-0.0519147123375582,-0.0913856628445299,-0.1312289299479165,6753.72021484375,0.0044295969426384,0.0016702229623594,-0.0258157524775402,-0.0258157524775402,-0.0103374894406062,-0.0078851224341209,-0.0089425287647366,104.22265625,-0.0003747283263516,-0.0007121039223017,0.0007115971911294,0.0007115971911294,0.001123343187102,0.0010110656368803,0.0016845419222978,-0.525682185229729,,,,,-0.4782608695652173,-0.4444444444444444,-0.4857142857142857,-0.2258064516129032,-0.7142857142857142,-0.6140350877192982
2025-11-19,19:00:00,FOMC Minutes,91474.0,-0.0155872668024821,-0.0711855417383791,-0.088285155873891,-0.092774408666354,-0.0511624476703277,-0.026546370939876,-0.0217390404400855,6642.16015625,0.002460102612454,-0.0132296235038612,-0.0034545204622692,-0.0034545204622692,0.0118942984368125,0.0277981538737952,0.0331386412149324,104.109375,-0.0004876493522748,0.0001874941413573,0.0010120509887946,0.0010120509887946,0.0010869769993941,0.0010495146958328,0.0008996514457676,-0.507604018708251,,,,,-0.3909465020576132,-0.3913043478260869,-0.1282051282051282,-0.5294117647058822,-0.2307692307692307,-0.4285714285714286
2025-12-30,19:00:00,FOMC Minutes,88390.0,0.0145756735696857,0.0044099105297537,0.0044099105297537,0.0044099105297537,0.0044099105297537,0.0044099105297537,0.0044099105297537,6896.240234375,-0.0006087996688269,-0.0079936671030758,-0.0079936671030758,-0.0079936671030758,-0.0079936671030758,-0.0079936671030758,-0.0079936671030758,104.359375,-0.0001122859550164,-0.0001122859550164,-0.0001122859550164,-0.0001122859550164,-0.0001122859550164,-0.0001122859550164,-0.0001122859550164,-0.536092025417027,,,,,-0.4903846153846154,-0.3877551020408163,-0.4375,-0.510204081632653,-0.3333333333333333,-0.5733333333333333
