date,NFCI,ANFCI,Risk,Credit,Leverage,Nonfinancial_Leverage
2012-01-06,-0.190931159763687,-0.163136224053786,-0.106443450969283,0.0293228669411315,0.361790254578702,-1.48109886837915
2012-01-13,-0.237028045837583,-0.215263278736676,-0.146003912405674,-0.0044878184759994,0.315383607005099,-1.4834073749258
2012-01-20,-0.282876561136303,-0.277875522281391,-0.186011150736727,-0.0384571802861244,0.272349785178958,-1.48494607568849
2012-01-27,-0.324374177761376,-0.339163039950656,-0.223670552672777,-0.0696915817638549,0.233570218402261,-1.48565495038443
2012-02-03,-0.356910967845727,-0.38291242049796,-0.256041312340471,-0.0952364742265752,0.199393088764236,-1.48548766323657
2012-02-10,-0.380727813771336,-0.40478616425357,-0.282447224117958,-0.115041302353807,0.170668148163486,-1.48441734711502
2012-02-17,-0.396393058882035,-0.406944312521765,-0.302581668373901,-0.12922680619424,0.147508420142467,-1.48243831401796
2012-02-24,-0.408444386239642,-0.406518548643896,-0.317577231986813,-0.140474847691736,0.130114024985888,-1.47956828953286
2012-03-02,-0.419360758312906,-0.415529812616536,-0.329011431199701,-0.149755793549426,0.118577322324011,-1.47585150925445
2012-03-09,-0.427526874095939,-0.432019866070967,-0.33657068755033,-0.156607769161901,0.11319624894694,-1.47135798129783
2012-03-16,-0.434966318977596,-0.454280414691727,-0.340797277506022,-0.16217928138323,0.11379755130458,-1.46618482019949
2012-03-23,-0.438577901476985,-0.467233933165475,-0.341676173990555,-0.164273181666487,0.120517169978814,-1.46045557041403
2012-03-30,-0.436485898713717,-0.460953545035866,-0.339624453739217,-0.160809628914643,0.132881015780788,-1.45431353281507
2012-04-06,-0.428889295956898,-0.439349028406229,-0.334432732431788,-0.151762773353856,0.150075640466542,-1.4479088808425
2012-04-13,-0.416140522951319,-0.410709396639473,-0.327140124976025,-0.136162449148675,0.170805334750265,-1.44142067180185
2012-04-20,-0.400486131237414,-0.385519359019606,-0.318748483300463,-0.114898329794029,0.193408678851839,-1.43499953957825
2012-04-27,-0.379502529604886,-0.362754165114132,-0.30726903020546,-0.0881770447385355,0.216279261371284,-1.42878886198525
2012-05-04,-0.353519455191228,-0.337632120728019,-0.292805717941334,-0.0573884804206058,0.237981750820037,-1.4229129740329
2012-05-11,-0.322143522798661,-0.301039122413707,-0.275433609752712,-0.023598155105797,0.256660076375827,-1.41747108693251
2012-05-18,-0.288998814386938,-0.251493674848457,-0.256954739190204,0.0098253276282301,0.271097664741323,-1.41253699269059
2012-05-25,-0.26249615387328,-0.203160713876682,-0.241620286887079,0.0379128966379089,0.280018028682987,-1.40816105945749
2012-06-01,-0.243627347619219,-0.164934931272082,-0.231479797304208,0.0595631612435169,0.283349132719349,-1.40437023936875
2012-06-08,-0.236368163367888,-0.152249279232368,-0.228680659491074,0.0721795986837838,0.281171891537441,-1.40117143889414
2012-06-15,-0.241833738288738,-0.169494825861397,-0.234946540629969,0.0756142003340173,0.274365684260068,-1.39855440031256
2012-06-22,-0.257169227340507,-0.207173748873861,-0.249319680499523,0.0711485933890814,0.264571845677219,-1.39649368527858
2012-06-29,-0.276502160399292,-0.247967552015073,-0.268179699439866,0.0613480134235674,0.252974495816528,-1.39495393039863
2012-07-06,-0.299519902093045,-0.283816938693105,-0.291014642209839,0.0473186883142435,0.240699496790229,-1.39389708682077
2012-07-13,-0.323198772259809,-0.306367944898763,-0.31624555627271,0.0317233635474711,0.228630304645225,-1.39327617961115
2012-07-20,-0.347005185782765,-0.322524795382795,-0.342038241133395,0.0145782483695483,0.217946403480303,-1.39304682359825
2012-07-27,-0.368364317097267,-0.336679201133374,-0.366229383021407,-0.0024515118248984,0.2085321509648,-1.39316850356516
2012-08-03,-0.389741094639238,-0.357285416213493,-0.389312351848031,-0.0201661128257148,0.200440426159314,-1.39360316114633
2012-08-10,-0.408890077288399,-0.383847906158824,-0.410153315269071,-0.0373891556608923,0.193468511658518,-1.39431653610608
2012-08-17,-0.427059773797108,-0.411999778747744,-0.429061492164444,-0.0544467560456602,0.186692175998156,-1.39527818774417
2012-08-24,-0.445102524120534,-0.438443930601865,-0.446370180663199,-0.0717560268398417,0.179566722598719,-1.39646023247697
2012-08-31,-0.462444276608286,-0.45972331587248,-0.461879698645664,-0.0889691279968787,0.171441807279733,-1.39783608663522
2012-09-07,-0.48083032633903,-0.480462523029918,-0.476814501293842,-0.106102230777683,0.161389812927688,-1.39937976026589
2012-09-14,-0.499982702823795,-0.504322590315254,-0.491664508623279,-0.122348836663487,0.149135579124843,-1.40106413884495
2012-09-21,-0.516132900378147,-0.531004016981074,-0.505335324941294,-0.135704623796017,0.135186310489394,-1.40286006999722
2012-09-28,-0.529197719855044,-0.557918239038768,-0.517531592957655,-0.144411040259506,0.116806884872752,-1.40473587950752
2012-10-05,-0.540179773324506,-0.583175871488004,-0.52960790285706,-0.149073629132145,0.0959812018836413,-1.40666101980181
2012-10-12,-0.547133864626562,-0.598039238316905,-0.540386483662891,-0.148701509925817,0.0721971511906619,-1.40859609056692
2012-10-19,-0.551256784441994,-0.602471181487887,-0.549943773995964,-0.144477312968038,0.0455795487023199,-1.41050985742039
2012-10-26,-0.551112199964535,-0.595432483396357,-0.557668538386786,-0.136561447846897,0.0165603068494047,-1.41237076356527
2012-11-02,-0.549869871465656,-0.586156334347136,-0.564178690968975,-0.127756061173261,-0.0148165575213029,-1.41414878265419
2012-11-09,-0.548070849965851,-0.579525925037714,-0.569035958118978,-0.119809817511184,-0.0484480508058902,-1.41581412075996
2012-11-16,-0.54758503457957,-0.577844211807815,-0.572759686350097,-0.114800886106863,-0.0840104573305347,-1.4173357671975
2012-11-23,-0.551300345686025,-0.584999635215349,-0.575421505907461,-0.115649881713977,-0.121235209208656,-1.41867888695965
2012-11-30,-0.556953591200851,-0.592950332965353,-0.576777047129386,-0.121339041418578,-0.159458968056204,-1.4198030883132
2012-12-07,-0.565429746210799,-0.600669500946557,-0.577512631120653,-0.132068748050373,-0.19799701476298,-1.42066095772902
2012-12-14,-0.57680508783094,-0.608851140529645,-0.578559403542713,-0.147015126695789,-0.235680757635771,-1.42119603320987
2012-12-21,-0.589186371398474,-0.616856256891912,-0.580125099796775,-0.163794098711785,-0.271762601047638,-1.42134260532254
2012-12-28,-0.60123935947183,-0.625218077338569,-0.583310287023235,-0.180174105959663,-0.304430438679025,-1.42102799964558
2013-01-04,-0.61571561698546,-0.63951565717198,-0.588985656119945,-0.196630863175199,-0.332887356722181,-1.42017477432242
2013-01-11,-0.628358409815195,-0.653063369875175,-0.595631971836064,-0.210628915752683,-0.355893218681113,-1.4186950870908
2013-01-18,-0.637859412845232,-0.661898605977335,-0.602078532606244,-0.221385751666227,-0.373148487280396,-1.41651751844857
2013-01-25,-0.644596631476114,-0.665490520620356,-0.607360679894313,-0.229461884849586,-0.384848013539799,-1.41357468757293
2013-02-01,-0.648141949871994,-0.662943524136622,-0.610971647875348,-0.234764117381351,-0.391481910836579,-1.40981330037391
2013-02-08,-0.64945356450425,-0.658960525165519,-0.613343910488294,-0.237794113160567,-0.393923308078049,-1.4051999980229
2013-02-15,-0.650838434875623,-0.661333348334269,-0.614586427006553,-0.240405755921007,-0.393609616699486,-1.39972301784225
2013-02-22,-0.651846152866334,-0.670910846941093,-0.614584059169259,-0.242992939289796,-0.391490551269429,-1.39339394712232
2013-03-01,-0.652305463724428,-0.685849253215531,-0.61314531802688,-0.246322513011068,-0.388462490205625,-1.3862504718074
2013-03-08,-0.654581522973021,-0.707776646160719,-0.611313675215831,-0.252094825108149,-0.385341433203082,-1.37835528874447
2013-03-15,-0.657443108403939,-0.726615178206707,-0.609183960507732,-0.260147328823215,-0.382315757246832,-1.36979684840159
2013-03-22,-0.660446640439624,-0.739155065222924,-0.606557771730554,-0.270253540099666,-0.38054609451969,-1.36068831082556
2013-03-29,-0.665108613682128,-0.748467407456914,-0.605281386098883,-0.283212901570914,-0.378673389890755,-1.35116125655622
2013-04-05,-0.672260488002918,-0.756606395389586,-0.605229475782496,-0.298495215890269,-0.378623302530409,-1.341353362568
2013-04-12,-0.682632514997744,-0.76693268785432,-0.607062316863858,-0.315678600876378,-0.380552046039236,-1.33142792931399
2013-04-19,-0.693292580400774,-0.78011646000292,-0.608591361275744,-0.33313157323137,-0.384965750533209,-1.32152367756072
2013-04-26,-0.705394315529002,-0.797873219304689,-0.610335633746931,-0.349759233644082,-0.393064914069282,-1.31177218256445
2013-05-03,-0.715080165364521,-0.814109938098439,-0.609719314598012,-0.363499328758366,-0.405254695065991,-1.30228802368898
2013-05-10,-0.71996858056262,-0.824922394474333,-0.60578605004756,-0.372123812848221,-0.42249730308812,-1.29316336013
2013-05-17,-0.717693535249454,-0.822849306815356,-0.597223701810371,-0.374261114924591,-0.445336292983935,-1.28446765390969
2013-05-24,-0.708191016130317,-0.806475595485643,-0.584336881614123,-0.370031990835084,-0.473449754968517,-1.27624932031392
2013-05-31,-0.692138516198401,-0.77659708936827,-0.567695723226829,-0.360284905283435,-0.506599884268569,-1.26853573852584
2013-06-07,-0.672778722030445,-0.73773364119983,-0.54948267969989,-0.347293470954783,-0.543738104447083,-1.26133582330699
2013-06-14,-0.654032131397583,-0.699062076497078,-0.532628438387809,-0.333278488154866,-0.583948961800046,-1.25464225339828
2013-06-21,-0.638587228032437,-0.670233107669733,-0.51859638323658,-0.32130067928152,-0.624554191452187,-1.24843268835916
2013-06-28,-0.631253996268728,-0.658920215012855,-0.510191599293982,-0.312850999918235,-0.665943829748254,-1.24267441898676
2013-07-05,-0.63143636902457,-0.665916264202093,-0.508366755354217,-0.308658135422981,-0.704027793733037,-1.23732744063535
2013-07-12,-0.638715468659796,-0.687756124220986,-0.512611532082783,-0.308622370282461,-0.737357042483562,-1.23234256557346
2013-07-19,-0.650677365660028,-0.716903823650189,-0.521201347443423,-0.311668330368358,-0.764309073495955,-1.22766555383943
2013-07-26,-0.662250271032759,-0.742337162011893,-0.530570495843705,-0.315808977036688,-0.783504866756936,-1.22324055592364
2013-08-02,-0.670410589718889,-0.756534325313417,-0.538282369961863,-0.31958347949342,-0.794000082578757,-1.21900829717341
2013-08-09,-0.674366663059294,-0.759766328399268,-0.543515526517138,-0.322147479896343,-0.795341876243315,-1.21490914204865
2013-08-16,-0.673718827416347,-0.753747529835025,-0.545224142758685,-0.323488584041567,-0.787383079702399,-1.21088483472738
2013-08-23,-0.669942256423586,-0.745279497116575,-0.544661516131259,-0.323845684434139,-0.770262137685957,-1.20687951940956
2013-08-30,-0.666145592751512,-0.740313486660838,-0.544312832319223,-0.324130007087741,-0.744549510494926,-1.20284128151121
2013-09-06,-0.664505285932518,-0.741381658138208,-0.545368792858509,-0.325445899737092,-0.711811883018052,-1.1987235521937
2013-09-13,-0.666412664292484,-0.747322413190223,-0.549572124468015,-0.328309938087839,-0.673360153323876,-1.19448614126572
2013-09-20,-0.671137976877311,-0.754528295954305,-0.556266261226524,-0.332968167794,-0.631304643372917,-1.19009711874597
2013-09-27,-0.678469948263068,-0.760540169366116,-0.565768979864036,-0.339358129060878,-0.587654495424009,-1.18553368238821
2013-10-04,-0.68802688453874,-0.765358051128068,-0.57708891305143,-0.34753601836926,-0.544920669239408,-1.18078118193511
2013-10-11,-0.700182934404201,-0.773512057589125,-0.590612320741952,-0.357354871746194,-0.504673420574869,-1.17583598779602
2013-10-18,-0.714021179393212,-0.786978329590439,-0.60530371567542,-0.368354802561441,-0.468474834745135,-1.17070405107731
2013-10-25,-0.727759834944479,-0.805018734981436,-0.620041717135645,-0.379706712320094,-0.436853278433682,-1.16540053211659
2013-11-01,-0.739644247236849,-0.824875484385577,-0.633414965518799,-0.390387623044908,-0.410406862179161,-1.15995014110155
2013-11-08,-0.750227899613759,-0.84402003702887,-0.644711265612038,-0.40067802585904,-0.389300136841272,-1.15438783538997
2013-11-15,-0.759088613534641,-0.857628023926973,-0.653583387794975,-0.410209185489354,-0.372685862654429,-1.1487577164256
2013-11-22,-0.765779759669644,-0.865221980583646,-0.659447966948549,-0.418763249851295,-0.359679213440729,-1.1431130576666
2013-11-29,-0.7710433746745,-0.870373856953002,-0.662674127972863,-0.426412062116074,-0.349242266106773,-1.13751591725482
2013-12-06,-0.774735005836676,-0.877095469705749,-0.664016197693588,-0.432503110025294,-0.339956654538738,-1.13203617272795
2013-12-13,-0.777714465821474,-0.887480066041086,-0.664712139696533,-0.436810850446285,-0.330566622747453,-1.12675133430861
2013-12-20,-0.779504388573867,-0.900808587247861,-0.665140492678152,-0.438812948143596,-0.320122378515574,-1.12174509351656
2013-12-27,-0.780301413683424,-0.912178651930467,-0.665541245043593,-0.438838449677496,-0.308184323703642,-1.11710329044344
2014-01-03,-0.777953558977093,-0.915261383816889,-0.666005104027844,-0.435061158993561,-0.294264353994675,-1.11291327468142
2014-01-10,-0.77522305199009,-0.909056416711151,-0.667952963447642,-0.429474706018874,-0.278953395837838,-1.10926487205256
2014-01-17,-0.77113782263442,-0.895643569126146,-0.670153843019255,-0.422759569810129,-0.262696540683183,-1.10623287226583
2014-01-24,-0.766990778728293,-0.88104919795415,-0.673231304147365,-0.415788347248886,-0.246695743046601,-1.10388424630229
2014-01-31,-0.76445945904018,-0.872821278786819,-0.677395141181438,-0.410023914630221,-0.232146581113798,-1.10227113585408
2014-02-07,-0.765121952619599,-0.87486366645691,-0.683210385113092,-0.406269783554762,-0.22040816727607,-1.10142444774657
2014-02-14,-0.768925021991368,-0.883423225417861,-0.690390609432748,-0.404328097601375,-0.212829613644623,-1.10135202927912
2014-02-21,-0.773261335437837,-0.891358590991476,-0.697082968947209,-0.403134529154637,-0.210570277478091,-1.10203631124794
2014-02-28,-0.777461291258543,-0.892963955735407,-0.702900621934026,-0.401810006498006,-0.214494686048142,-1.1034311407227
2014-03-07,-0.780426645744523,-0.883468582074894,-0.707685984332517,-0.399276573474945,-0.224593776795726,-1.10546227974723
2014-03-14,-0.780880060240914,-0.866774289095205,-0.71058083218027,-0.395136269010309,-0.240218868129948,-1.10802596070304
2014-03-21,-0.779967125358332,-0.849038909231664,-0.711971288688602,-0.389879999411433,-0.26064333713743,-1.11098945543603
2014-03-28,-0.777181821605935,-0.833254571946927,-0.712378497746359,-0.383207055759997,-0.284177831076728,-1.11419801728894
2014-04-04,-0.775263307482873,-0.824583958622098,-0.712804459870338,-0.377083129271991,-0.309072724633798,-1.11748752126386
2014-04-11,-0.772702554792072,-0.818657844449418,-0.71312972177125,-0.371040771029767,-0.333752084943017,-1.12066319301316
2014-04-18,-0.770841851975037,-0.812156125134571,-0.714010368234904,-0.365883868519953,-0.356989536103079,-1.12355806404386
2014-04-25,-0.770217994629751,-0.803692420705092,-0.715739200333982,-0.362347760367413,-0.377175310871809,-1.12601157559077
2014-05-02,-0.771517014657804,-0.794875704017353,-0.718381700400916,-0.361022566520076,-0.393126005025913,-1.12788271973988
2014-05-09,-0.774444558613659,-0.788209675503141,-0.721870076979861,-0.36165642267909,-0.403762209377881,-1.12905722578859
2014-05-16,-0.778635490263822,-0.788541137454959,-0.725477343792606,-0.364375522515468,-0.407909566280209,-1.12944878031782
2014-05-23,-0.784815975606301,-0.797992563402959,-0.729208088590384,-0.36901638848048,-0.405424370675379,-1.12899796277223
2014-05-30,-0.790603865922132,-0.811476732076606,-0.732492983047565,-0.373937463121426,-0.395541586007405,-1.12767330548429
2014-06-06,-0.793970173442746,-0.824108356384297,-0.733653395015296,-0.378087394870001,-0.379013739030298,-1.12546844134223
2014-06-13,-0.794191278744222,-0.831327785589584,-0.732397859412221,-0.380953371640119,-0.356294420208052,-1.12240005741922
2014-06-20,-0.790874889330216,-0.830384628703718,-0.728461623286285,-0.381871588682028,-0.329385252610473,-1.11850642697497
2014-06-27,-0.783958754161179,-0.821996723850768,-0.722010167345136,-0.38092182778723,-0.299749499904517,-1.11384176961363
2014-07-04,-0.774069719557868,-0.808827093640108,-0.713243884605502,-0.378053662645652,-0.270536051450314,-1.10846702651165
2014-07-11,-0.762655791728093,-0.794392851971951,-0.703318108812583,-0.373629384406784,-0.244334582906636,-1.10246057469355
2014-07-18,-0.750646131801478,-0.780788672725115,-0.693150341152598,-0.367937221933195,-0.223177641211048,-1.09589738574458
2014-07-25,-0.740132870287197,-0.770530863448321,-0.684471092735939,-0.361471539640345,-0.208603109422965,-1.08885134975278
2014-08-01,-0.731657469058863,-0.763379885433426,-0.677680022739521,-0.354367798001325,-0.201447267450746,-1.08139496748837
2014-08-08,-0.726698571682586,-0.763591017281749,-0.673357451373683,-0.347380182444108,-0.201400883779437,-1.07359728674386
2014-08-15,-0.726135344119158,-0.770752442539935,-0.672247858071833,-0.340235520318188,-0.207740018409935,-1.06552349490239
2014-08-22,-0.72583982446461,-0.781071964027886,-0.671842685374342,-0.331696314761782,-0.218459731727536,-1.0572362919124
2014-08-29,-0.723409399934528,-0.790713531031461,-0.670566303582159,-0.320999589052444,-0.231467932802798,-1.04879673360263
2014-09-05,-0.717578352858718,-0.797423628295285,-0.666567094881812,-0.308749426218921,-0.244502570156184,-1.0402647392776
2014-09-12,-0.706930542680103,-0.794153233925607,-0.659068551928221,-0.295153468379125,-0.254917021884034,-1.03170072781251
2014-09-19,-0.691878457633423,-0.781188085957025,-0.64805541842675,-0.281413937295057,-0.260760990903049,-1.02316556133605
2014-09-26,-0.674598905239694,-0.760670532359304,-0.634989530279088,-0.268885837518186,-0.261188301360344,-1.01472015875558
2014-10-03,-0.658376693074463,-0.74026826294334,-0.621686864465451,-0.259442475528771,-0.256078445275315,-1.00642167817948
2014-10-10,-0.646592410174224,-0.725981873956643,-0.611686200003539,-0.253483698228871,-0.246032144930922,-0.998332741775463
2014-10-17,-0.63865064407518,-0.719652490915209,-0.605190900955772,-0.250275818292528,-0.232633201704634,-0.990498667345198
2014-10-24,-0.639901601749938,-0.727256302953083,-0.6060556861026,-0.250354963409083,-0.217741128623044,-0.982959060227506
2014-10-31,-0.645043237891618,-0.741494085222784,-0.610559751295917,-0.25175801310204,-0.202772594775232,-0.975742491697052
2014-11-07,-0.652181172556188,-0.757377530177689,-0.617211802536407,-0.252809371788727,-0.189518092356965,-0.968865609654909
2014-11-14,-0.657177664762841,-0.766775685963535,-0.622809852067306,-0.251715461015062,-0.178709360470707,-0.962333950767167
2014-11-21,-0.656550094093185,-0.764608891623457,-0.624296432261919,-0.246866621944434,-0.171428944253568,-0.956143482641933
2014-11-28,-0.65005554066863,-0.752365989676112,-0.62013474154472,-0.238341381234134,-0.168417459111975,-0.950281272781553
2014-12-05,-0.637063962160125,-0.732398553245922,-0.610319571127606,-0.225604660749109,-0.16946846648053,-0.944727252411422
2014-12-12,-0.617146771142285,-0.707416298647767,-0.594493268333511,-0.208973317030031,-0.174390824159007,-0.939455817666605
2014-12-19,-0.594174323100484,-0.684041063124831,-0.575144262163739,-0.190403479227962,-0.182819724320794,-0.934436786485295
2014-12-26,-0.572227968323871,-0.664910665253342,-0.554893452215599,-0.172184786860426,-0.194454624433201,-0.929637663127908
2015-01-02,-0.549784143723521,-0.647091561485268,-0.534568944948843,-0.153656325573844,-0.208786620119035,-0.925025159174251
2015-01-09,-0.531467397653583,-0.630767542991892,-0.51675904837581,-0.137789214484907,-0.22533827702831,-0.920566211065887
2015-01-16,-0.516882704109411,-0.613634675598955,-0.501785314833971,-0.124832868243749,-0.24362818054539,-0.916225199876538
2015-01-23,-0.50847514275587,-0.599951786037018,-0.491716449946602,-0.115950055901552,-0.262378064183569,-0.911972082527119
2015-01-30,-0.505062565195682,-0.591460472682097,-0.48610487884445,-0.110913123791331,-0.280372792330063,-0.907777830598803
2015-02-06,-0.506486855548489,-0.590121979000261,-0.485247772070555,-0.109201087473474,-0.296474694757269,-0.90361637346151
2015-02-13,-0.511119852204023,-0.595276008607526,-0.488321321850133,-0.110131343440421,-0.308762512044222,-0.899464967156528
2015-02-20,-0.517883994704175,-0.604353691771996,-0.494696388219327,-0.112555976913536,-0.316517277790842,-0.895303867496349
2015-02-27,-0.524988612540999,-0.612172520613602,-0.503053655940603,-0.115385852824697,-0.319033631835713,-0.89111586573618
2015-03-06,-0.530031064784704,-0.613621254037444,-0.511542291195698,-0.117251892193097,-0.316498274678082,-0.886886258754883
2015-03-13,-0.533782109721637,-0.610498628859709,-0.51990208704106,-0.118287154720668,-0.309333813995707,-0.882602206424866
2015-03-20,-0.536998913804691,-0.606291802881637,-0.527437340887683,-0.11905168617853,-0.298557206047021,-0.878252533217751
2015-03-27,-0.538783036550857,-0.603706124613235,-0.534773323530791,-0.118153252727985,-0.285059443154601,-0.873827908478321
2015-04-03,-0.540373656315372,-0.604436314758177,-0.541071263483489,-0.117165181140572,-0.270277274353888,-0.869320533883136
2015-04-10,-0.542361441685328,-0.60746574545467,-0.547064726169018,-0.11615556160426,-0.255329290419468,-0.864722457418667
2015-04-17,-0.543663055713988,-0.607891267072954,-0.552153125599965,-0.114734050787409,-0.241745221152762,-0.860029363976258
2015-04-24,-0.545585491300209,-0.605732223499991,-0.556294822727112,-0.114109307272707,-0.230637266041093,-0.855238686083361
2015-05-01,-0.546472402981508,-0.597830260843179,-0.558700751095627,-0.113519563550355,-0.223170596650113,-0.850349602527783
2015-05-08,-0.54636202157624,-0.587503899911873,-0.559674636512444,-0.112858860969056,-0.219684421823678,-0.845364101797613
2015-05-15,-0.546754493621624,-0.581560128652702,-0.560139635201644,-0.112605692127375,-0.220108652224357,-0.840286479816566
2015-05-22,-0.547325044100764,-0.580556857143048,-0.560234921379415,-0.112235103211517,-0.224152512178659,-0.835123180015395
2015-05-29,-0.547135302342701,-0.582268833253107,-0.559683714854179,-0.111338254195647,-0.230498999201378,-0.829882819041075
2015-06-05,-0.546484987838646,-0.58347934908328,-0.558997178145391,-0.109671442010123,-0.237702763866821,-0.824575827039613
2015-06-12,-0.545382578382729,-0.57973511238922,-0.558469514612113,-0.106767753384549,-0.24420193754319,-0.81921427317878
2015-06-19,-0.542705092703805,-0.568449807482265,-0.557578366360397,-0.102177186791711,-0.247800046611579,-0.813811655355061
2015-06-26,-0.540024194152453,-0.554711343350941,-0.557029883615341,-0.0961519825470057,-0.247026872091978,-0.808382028727544
2015-07-03,-0.534914788744913,-0.538595381360404,-0.555697941989873,-0.0874372115193702,-0.240437604611178,-0.802938850069171
2015-07-10,-0.529930505588418,-0.527951262193394,-0.555451391530822,-0.0763214438357977,-0.226811633755521,-0.797496564898303
2015-07-17,-0.524490065248475,-0.523695875510466,-0.554632240756106,-0.0636172519357188,-0.205585527500515,-0.792066215231204
2015-07-24,-0.514800247402809,-0.517951878180835,-0.550698424175698,-0.0486214054200382,-0.176655794900414,-0.78665688691444
2015-07-31,-0.50015724972496,-0.506096701746604,-0.542475044375094,-0.0321459564273882,-0.140737316263145,-0.781275005135241
2015-08-07,-0.481343115392326,-0.486727336924723,-0.530042524125033,-0.0153744222229803,-0.0993939161483503,-0.775924157397381
2015-08-14,-0.459917215147274,-0.460506446656944,-0.514613892901804,0.0008815523011093,-0.0553439438232136,-0.770605618651255
2015-08-21,-0.437496113568255,-0.430756488004719,-0.49765102332484,0.0156348241818017,-0.0113091999254861,-0.765319034926158
2015-08-28,-0.417262409571426,-0.40541965682637,-0.482575489662963,0.0282271592422294,0.0298303534775202,-0.760062943473483
2015-09-04,-0.404228357887564,-0.391135341237019,-0.473551233283408,0.0379034606654025,0.0643398574642241,-0.754835623686081
2015-09-11,-0.398448198480714,-0.387539744204601,-0.471473390636593,0.0445096226797658,0.0905969010220172,-0.749635689578998
2015-09-18,-0.398582668840128,-0.391749492688092,-0.475520518821788,0.0482137431357206,0.107223087357094,-0.744462663269324
2015-09-25,-0.404326517535847,-0.400356991371541,-0.485333551655275,0.0493947482701201,0.113254609867807,-0.739317724250248
2015-10-02,-0.414094263997821,-0.410027090319222,-0.499753673747895,0.0488173003192819,0.109220488347743,-0.73420396509656
2015-10-09,-0.429814833960309,-0.423848053310127,-0.518551185084078,0.0459194532157468,0.0958004785331803,-0.729125006635439
2015-10-16,-0.444331893734847,-0.435892628900877,-0.537014704951353,0.0437115911653565,0.0747596287870245,-0.724087623502691
2015-10-23,-0.457305982418632,-0.448003409431492,-0.554082595519572,0.0430044309851617,0.0479281037930518,-0.71909729611919
2015-10-30,-0.466579341523248,-0.460833516491371,-0.56733785683816,0.0448860100613101,0.0173653876151669,-0.714159880949287
2015-11-06,-0.470191362542412,-0.470045156855438,-0.575148269227731,0.0504682552640303,-0.0144805545908078,-0.709281032967794
2015-11-13,-0.466718125648393,-0.471460216768568,-0.575748005370436,0.0600258874058214,-0.0452136801910601,-0.704466513087415
2015-11-20,-0.457429027701537,-0.463392810865589,-0.569745260946565,0.0729575858212961,-0.0723638268321199,-0.699722384819666
2015-11-27,-0.443613306585839,-0.446204716327603,-0.558515512874319,0.0890326610782942,-0.0940829544219355,-0.695055609839612
2015-12-04,-0.425097905516355,-0.41983946403057,-0.543218982497167,0.107820455925082,-0.107635036345826,-0.690474501641494
2015-12-11,-0.403035650326733,-0.387751777102598,-0.525320601138342,0.128633796234768,-0.112056051447676,-0.685989064118678
2015-12-18,-0.381490644833392,-0.358275170138128,-0.508814403483292,0.150431332909373,-0.107252140430469,-0.681611560934558
2015-12-25,-0.361408073324337,-0.334826942665267,-0.494470658017649,0.172008163089129,-0.0937071212339224,-0.677356681348642
2016-01-01,-0.343753233543236,-0.319976347959255,-0.48326401964457,0.192455869593175,-0.0726703453086281,-0.673240978432466
2016-01-08,-0.328221974316784,-0.310551535002935,-0.474497265742535,0.21054629690243,-0.0456337896673452,-0.669282131467745
2016-01-15,-0.314677603368164,-0.301521627629475,-0.468670540243012,0.226497057012836,-0.0151878691349477,-0.665500852220518
2016-01-22,-0.304518697588299,-0.291336286062233,-0.46593407051294,0.23899323580407,0.0163232083869967,-0.661913764778061
2016-01-29,-0.29790170655664,-0.278944950330042,-0.465677149006941,0.247119247613968,0.0469386338046886,-0.658536653039424
2016-02-05,-0.294292327210895,-0.264453365215152,-0.467192821976354,0.250712020319545,0.0747659157222251,-0.65538212550068
2016-02-12,-0.294444861185462,-0.253925053792852,-0.470258285251033,0.249000140500555,0.0986207331916748,-0.652458416632656
2016-02-19,-0.302956074848186,-0.255857348805175,-0.477335715627998,0.240829934202341,0.117317869044822,-0.649769099621114
2016-02-26,-0.31574808690677,-0.266564145109899,-0.48570194666305,0.22772471128458,0.130523141191683,-0.647312938773366
2016-03-04,-0.331287765413839,-0.281169231941537,-0.494606810435745,0.211218020762631,0.13784670013103,-0.645083472512085
2016-03-11,-0.346772105927611,-0.295476364723331,-0.503470561377328,0.1941008869964,0.139322429947239,-0.643069467823614
2016-03-18,-0.360743171298226,-0.302840281186664,-0.511573126212738,0.178289262591359,0.134681665796016,-0.64125505003848
2016-03-25,-0.370228567292755,-0.299833238341249,-0.517042132164639,0.165396161901083,0.124724779080865,-0.639620136460462
2016-04-01,-0.377037683516432,-0.290395412735633,-0.520855571665622,0.155707752525187,0.109899349395708,-0.638141707566708
2016-04-08,-0.380680000964499,-0.276803573372267,-0.522551602433581,0.149727491869025,0.0913013285615734,-0.636796836011964
2016-04-15,-0.383401012929117,-0.267025187904619,-0.523589864555004,0.14694841811316,0.0703322478289233,-0.635558606033287
2016-04-22,-0.385144857647747,-0.261910323670055,-0.524239531803829,0.14698855781764,0.049608443697681,-0.63440585649383
2016-04-29,-0.385048874888556,-0.259538841866603,-0.524061522417208,0.149737628157221,0.0311250506073053,-0.63332001841879
2016-05-06,-0.38348714927055,-0.25828137904838,-0.523209994826878,0.154396262371277,0.0168325336050147,-0.632286749931896
2016-05-13,-0.381555675216015,-0.25803237050512,-0.522502281996405,0.160022258465692,0.0084707572105608,-0.631296470358013
2016-05-20,-0.378469702385285,-0.255054657312792,-0.520832094079314,0.165807782094099,0.0068278129670256,-0.630344020525682
2016-05-27,-0.373872881358599,-0.249233573650201,-0.518058870819265,0.171278982646916,0.0122466849016516,-0.629427901208078
2016-06-03,-0.367620358847115,-0.240877513068815,-0.514369068236224,0.176374098872527,0.0238455788189728,-0.628549642417193
2016-06-10,-0.360643398356905,-0.231789485785887,-0.510340069528443,0.180703079229083,0.0399937602748764,-0.627712931856661
2016-06-17,-0.352815498840738,-0.221786545906041,-0.505944443291974,0.184249374077529,0.0585796150219591,-0.626922648734955
2016-06-24,-0.34767547232412,-0.215380059961124,-0.502225877187534,0.185002873730671,0.0775126988776485,-0.626184044655648
2016-07-01,-0.344543565773176,-0.211222733703085,-0.498880594220903,0.183357482732545,0.0946547915392431,-0.625501607481575
2016-07-08,-0.345626358096991,-0.214218698180244,-0.495767058793196,0.17784900800642,0.108103776890854,-0.624879752965752
2016-07-15,-0.349715560118653,-0.222526289306859,-0.493052417097359,0.169671687996942,0.116914578254183,-0.62432005324979
2016-07-22,-0.353968651472281,-0.231972915083205,-0.488787160142703,0.16013544599239,0.120301945807814,-0.623824643436906
2016-07-29,-0.358277365500584,-0.241934504605499,-0.483862065588222,0.150677718064655,0.117986181774163,-0.623393873014921
2016-08-05,-0.360546744942997,-0.246833381726939,-0.478195632312213,0.143436295397496,0.110106071087695,-0.623026772992622
2016-08-12,-0.360801150973412,-0.245912111589778,-0.472224036448495,0.139179276787945,0.0970898373069386,-0.622719868584163
2016-08-19,-0.358473530523997,-0.238205765673572,-0.465982192947954,0.138453561994039,0.0794190737889383,-0.622466684687708
2016-08-26,-0.353365665635118,-0.225265771045207,-0.459469987599451,0.141192475888775,0.0574439657874405,-0.622256814812018
2016-09-02,-0.346343729886395,-0.210326949225672,-0.453851382932752,0.146933426963694,0.0315604006668403,-0.622075171679617
2016-09-09,-0.340449438511596,-0.200033000846421,-0.450298390639446,0.153495445299308,0.0015655791357025,-0.621901578204706
2016-09-16,-0.336069101951146,-0.195295264056962,-0.448648204880113,0.159484527005534,-0.0328977641871986,-0.621710027852751
2016-09-23,-0.334850090114347,-0.196940214222785,-0.449788747496714,0.163645604640366,-0.0726242710667247,-0.62146862455542
2016-09-30,-0.33800747506315,-0.205986816614772,-0.454394281327368,0.165325661897034,-0.11887261873518,-0.621140970670728
2016-10-07,-0.34516826154397,-0.2210614808717,-0.460544987543858,0.163029258497477,-0.17210812086062,-0.620687495040116
2016-10-14,-0.354324411894204,-0.237856532790688,-0.467003675971704,0.157576485079776,-0.232756352580671,-0.620062467827732
2016-10-21,-0.365604286584868,-0.258180698563127,-0.474159958473253,0.149543250953308,-0.300338721167901,-0.619226552999071
2016-10-28,-0.378666144018386,-0.283398697274401,-0.480433321088082,0.138557060761383,-0.373786152992752,-0.61814146144334
2016-11-04,-0.390838474558019,-0.30982679057078,-0.48511302779844,0.126384503357579,-0.450590669985558,-0.616774192063976
2016-11-11,-0.404883266140761,-0.338803093846537,-0.489447172723855,0.112732014952214,-0.52867472576247,-0.615099774048786
2016-11-18,-0.417737314090754,-0.364182842970919,-0.492307650704431,0.0988481256954869,-0.604034822685621,-0.613102155492812
2016-11-25,-0.429030192086611,-0.382714436807662,-0.494305276365904,0.0853720649113374,-0.673009332888081,-0.610774967320639
2016-12-02,-0.438900412215144,-0.393377947339797,-0.495735848268344,0.0725747675163455,-0.732987183707804,-0.608122864391007
2016-12-09,-0.447692744347437,-0.396291963824639,-0.497109422793369,0.0604692505215407,-0.781650822298319,-0.605161205476307
2016-12-16,-0.454560897824033,-0.393264737799596,-0.498340515135052,0.0492044538719312,-0.817054322327282,-0.601916473687521
2016-12-23,-0.460342698776699,-0.387691033900529,-0.499993942723156,0.0389655146368928,-0.839459636270682,-0.598426255696797
2016-12-30,-0.46669625101046,-0.38336712922378,-0.502248260541707,0.0286115256795673,-0.84920638517179,-0.594736739005779
2017-01-06,-0.47237651573686,-0.378203026155265,-0.504557785681645,0.0189126356062039,-0.847491707761432,-0.590897453978766
2017-01-13,-0.478142371021826,-0.374680336493064,-0.507100704776159,0.0096120674839825,-0.835902666569818,-0.586970282114442
2017-01-20,-0.482943861254674,-0.371790975171511,-0.509205201055873,0.0012628613606462,-0.816149194666503,-0.583008544202095
2017-01-27,-0.486597248693073,-0.369440569026961,-0.510352909305943,-0.0059831609458438,-0.790266900759585,-0.579064215766228
2017-02-03,-0.488944133054597,-0.368643064139907,-0.511383958702928,-0.0111598563132043,-0.759861421615941,-0.575184410310439
2017-02-10,-0.49018759708781,-0.371663749800159,-0.512157916156721,-0.0143554918881005,-0.726517838102956,-0.571409598301772
2017-02-17,-0.489575863729521,-0.375707835496931,-0.513041612158047,-0.0147776741210517,-0.691367773476609,-0.567773528704898
2017-02-24,-0.487420513802594,-0.379300413682105,-0.514051819059161,-0.0126922317510895,-0.655682261555071,-0.564304308313443
2017-03-03,-0.4854699846105,-0.384320592564382,-0.515889448044582,-0.00934795696118,-0.620115726801305,-0.561024722280019
2017-03-10,-0.482890600816651,-0.386424058372142,-0.518190222299792,-0.0053411463915134,-0.584493840415021,-0.557953431793412
2017-03-17,-0.480535613063574,-0.387296239093594,-0.520919519686419,-0.0016556967093283,-0.549800885370568,-0.555106342953909
2017-03-24,-0.479035144347626,-0.388754157572727,-0.524215852206727,0.0007746190562956,-0.516491612979481,-0.552497284737073
2017-03-31,-0.480394380398738,-0.393563750349869,-0.529201788146871,0.0010388927540046,-0.485387989816646,-0.550138780272202
2017-04-07,-0.483725615295996,-0.400348910060193,-0.535928511389977,-0.0002183352703794,-0.457306835185199,-0.548044002079038
2017-04-14,-0.489456273410608,-0.409260618913384,-0.54521238278513,-0.0025269303400803,-0.433088899794519,-0.546226577623405
2017-04-21,-0.497233462301529,-0.417945795117758,-0.556913102693489,-0.0054286064361092,-0.413424656809421,-0.544697076087745
2017-04-28,-0.50738216615754,-0.427979340150666,-0.570920681589817,-0.0089447502666688,-0.398663060579105,-0.543466741763541
2017-05-05,-0.517546357049504,-0.438491431361844,-0.585590488106237,-0.0122223029323496,-0.388845023967234,-0.542544866447341
2017-05-12,-0.527559946191448,-0.450343507504685,-0.599673060835785,-0.0158959225755374,-0.383486079137384,-0.54193752169696
2017-05-19,-0.536432103210857,-0.462367354371833,-0.611926382774087,-0.0198365220889762,-0.382209547523502,-0.541647081877509
2017-05-26,-0.54548886509573,-0.47604274175987,-0.621797041573268,-0.0253527157336008,-0.384168671734637,-0.541671412615824
2017-06-02,-0.552688566762586,-0.485712841631929,-0.628627196073865,-0.0313537325874586,-0.388234748764178,-0.542002599141987
2017-06-09,-0.558492301045056,-0.490595350506878,-0.632227426852443,-0.0380986209662832,-0.393606116939155,-0.542626891102418
2017-06-16,-0.562923327650878,-0.493345056325985,-0.633380371532139,-0.0451626120444909,-0.398873007834704,-0.543523881164174
2017-06-23,-0.565985908409554,-0.495418027960444,-0.632943986745949,-0.0520732293385095,-0.402601134073943,-0.544666111229675
2017-06-30,-0.569265083910372,-0.502475372688748,-0.632007825146201,-0.0587921307920189,-0.404572720930305,-0.546020015772783
2017-07-07,-0.572372280957,-0.514179914212197,-0.631268364521478,-0.0646698629166241,-0.403752376423411,-0.547551153299824
2017-07-14,-0.575595337238135,-0.527178522492284,-0.631541371543105,-0.0691376228732855,-0.400079337530392,-0.549214377930646
2017-07-21,-0.57778188874699,-0.537065808310788,-0.632001953784926,-0.0716432255932906,-0.394174652139231,-0.550972342185695
2017-07-28,-0.577404665843484,-0.537222897675493,-0.631841573763051,-0.071558063988953,-0.386778512656552,-0.552788334660793
2017-08-04,-0.574321297756101,-0.525609082770982,-0.630653515376543,-0.0691538378262169,-0.378929716619451,-0.55462856586933
2017-08-11,-0.569072037976889,-0.50656276391953,-0.628612503519418,-0.0652882630292914,-0.371197941550013,-0.556461756655086
2017-08-18,-0.563671204661366,-0.486510153307749,-0.626260560341135,-0.0613553140149852,-0.365012922571633,-0.558258248960035
2017-08-25,-0.559640060997609,-0.471395581263148,-0.624226870313334,-0.0585979540030417,-0.361296317164129,-0.559987772966446
2017-09-01,-0.557482475379616,-0.464409657652319,-0.622304741857935,-0.0579231459492824,-0.361078565284759,-0.561617852122096
2017-09-08,-0.55714828211856,-0.465515062743703,-0.620495354657829,-0.0595978520729319,-0.364941012265797,-0.563112279941818
2017-09-15,-0.559996173370187,-0.473865179034796,-0.619769163083969,-0.0638891320832144,-0.373413628118148,-0.564428981138196
2017-09-22,-0.564383053142835,-0.484685856475659,-0.619391902077479,-0.0701280254621501,-0.386131196920774,-0.565519218730071
2017-09-29,-0.569858707085431,-0.497233310715788,-0.619558878293502,-0.0775626518824798,-0.40253303942193,-0.566328555492678
2017-10-06,-0.576709435427601,-0.5124604648259,-0.621228951389031,-0.0853798018061022,-0.421578295764746,-0.566798817590332
2017-10-13,-0.583783061446055,-0.529235897093981,-0.623985547556531,-0.092548930444993,-0.442236844970597,-0.566861668838547
2017-10-20,-0.590619922374364,-0.547865689767891,-0.628010098248607,-0.0979018822634819,-0.463789913338774,-0.566460576764179
2017-10-27,-0.596009381919869,-0.566317999321961,-0.632587649148763,-0.100933792173695,-0.484832089396155,-0.565540121505175
2017-11-03,-0.600213933890833,-0.583999917108952,-0.638220671018939,-0.101199633406636,-0.504632331015891,-0.564053263218925
2017-11-10,-0.602381318800557,-0.596533483658492,-0.643783009653399,-0.0991464305435973,-0.522113221808134,-0.561964759404622
2017-11-17,-0.603504246174274,-0.604046525642583,-0.648909731554982,-0.0958449714537608,-0.537192260555981,-0.559252087187247
2017-11-24,-0.60441528889641,-0.606731727290649,-0.653893310438703,-0.0923702686116132,-0.549102709020712,-0.555906004713704
2017-12-01,-0.605500458313561,-0.607336146293112,-0.658624780043384,-0.0895203928410268,-0.55779696141282,-0.551932125014518
2017-12-08,-0.606780332100723,-0.607599845421656,-0.662934326573193,-0.0879366434096375,-0.563191908540591,-0.547349976833809
2017-12-15,-0.609471441255897,-0.610210824085684,-0.667174053085986,-0.0884233765180779,-0.565771131645691,-0.542193135424765
2017-12-22,-0.613258867232356,-0.616416690437111,-0.671116508939311,-0.0906773924458558,-0.566424263433977,-0.53650874799071
2017-12-29,-0.616892887043843,-0.624741817211761,-0.673435568932277,-0.0943001977421993,-0.566204184689946,-0.530354632119203
2018-01-05,-0.620514951113301,-0.631319362452551,-0.67359826263168,-0.0989399616882918,-0.566604293894532,-0.5237910717701
2018-01-12,-0.620533765812418,-0.630951875980823,-0.668920050666925,-0.102906050753231,-0.569211911092453,-0.5168935416043
2018-01-19,-0.616136854098736,-0.621893852876428,-0.659209569853473,-0.104941908205831,-0.575175901109697,-0.509726944291643
2018-01-26,-0.607294762799705,-0.604566591130292,-0.644661298337126,-0.104166206577367,-0.585639127343285,-0.50235383613964
2018-02-02,-0.593637908524623,-0.58133586417422,-0.626157130372584,-0.0995363839828565,-0.600850570810375,-0.494831473648009
2018-02-09,-0.576053145348479,-0.55559819010055,-0.604741328889016,-0.0914099794322628,-0.620296118406274,-0.487211083663958
2018-02-16,-0.560348727690084,-0.535842591053854,-0.584887577787754,-0.0810973010746123,-0.643931492524925,-0.47953871441915
2018-02-23,-0.545442228889975,-0.519403042668889,-0.566663409011708,-0.0691564678680441,-0.669707131726619,-0.471857630450447
2018-03-02,-0.531027977424391,-0.503674810506396,-0.549777288067524,-0.0569352275024345,-0.695624221482541,-0.464209921689584
2018-03-09,-0.517839060235325,-0.486413664568018,-0.535488368447143,-0.0453426827802141,-0.71943500234015,-0.456638098318357
2018-03-16,-0.507312405803962,-0.468022571575446,-0.525227092809076,-0.035694690259503,-0.73848000803152,-0.449187351972669
2018-03-23,-0.499817050922304,-0.449878720559195,-0.519142510091689,-0.0287913294624996,-0.75084018870956,-0.441905976960122
2018-03-30,-0.498216232996366,-0.438989392409417,-0.519635229284992,-0.0255160384430697,-0.754217359146738,-0.434845556696291
2018-04-06,-0.501880298972023,-0.436780948366036,-0.525686468120441,-0.0258187560173087,-0.747461493108885,-0.428056814051629
2018-04-13,-0.511970685889695,-0.447862101017474,-0.537990909303866,-0.029486219487737,-0.729464799984304,-0.42159829729359
2018-04-20,-0.526237635771295,-0.468262501351084,-0.554622329730962,-0.0355022502347531,-0.699503074315756,-0.415512037959697
2018-04-27,-0.539759746363096,-0.488930608397269,-0.572118784689406,-0.0420013190206648,-0.657232444056224,-0.409835696506072
2018-05-04,-0.551749073013347,-0.506496864841401,-0.589051170755526,-0.0484479289920653,-0.603503814252539,-0.404595179676082
2018-05-11,-0.560912588208989,-0.5183001998064,-0.603397431241568,-0.0541897580346095,-0.540459046280397,-0.399803532141959
2018-05-18,-0.565764132913018,-0.523255712459755,-0.613736067758541,-0.0587425980856661,-0.470063209204921,-0.395461681822956
2018-05-25,-0.56540409073833,-0.521778203442043,-0.618720643030628,-0.0617561608087886,-0.395836936067201,-0.391559587742412
2018-06-01,-0.560547953076023,-0.516744463442047,-0.618620039225336,-0.0633278591297422,-0.32136996459492,-0.388076821747335
2018-06-08,-0.554766937961261,-0.511390858303566,-0.616018550951254,-0.064030990982249,-0.250483292838758,-0.384984637239778
2018-06-15,-0.54794881918034,-0.504774569675382,-0.611877849144224,-0.0637912048978232,-0.185533032545328,-0.38224737752423
2018-06-22,-0.542135877132492,-0.498740127917852,-0.608457335091898,-0.0631146956800413,-0.128319572488367,-0.379824005522132
2018-06-29,-0.538975000541934,-0.49515690403036,-0.607188244850213,-0.0625271826966968,-0.0802873805476608,-0.377671493554742
2018-07-06,-0.540181640768547,-0.498918717841671,-0.609970416875728,-0.0627615878054888,-0.0408703710612886,-0.375745910751746
2018-07-13,-0.545604423012833,-0.510283300961726,-0.616669997424848,-0.0642694307000812,-0.0089198104760187,-0.374001721321032
2018-07-20,-0.553603332061994,-0.527965395180173,-0.626317146987505,-0.066662878584561,0.0172423512063863,-0.372396551884913
2018-07-27,-0.56274775038478,-0.549252886957697,-0.638412913714914,-0.0693711469105098,0.0396467296081702,-0.370891281096597
2018-08-03,-0.571938054640518,-0.569313251410426,-0.651403811205249,-0.0723866479840401,0.0604364511496146,-0.369449815238313
2018-08-10,-0.581039485260739,-0.584657340230155,-0.664528566478215,-0.0757035852445836,0.0811196656393659,-0.368041968857427
2018-08-17,-0.588072997230269,-0.592918250295232,-0.676039336215212,-0.0786851424746254,0.10280188602918,-0.366644114600521
2018-08-24,-0.593877059896953,-0.597167162957476,-0.68582505597454,-0.0817033935044956,0.126189218089068,-0.365239962445908
2018-08-31,-0.597911559526804,-0.601220594697081,-0.692909774402402,-0.0846114672408812,0.15103947199526,-0.363821809389786
2018-09-07,-0.600074190252135,-0.607385398256379,-0.697052401252351,-0.0872991201439669,0.17700104748202,-0.362391011776794
2018-09-14,-0.600368380660129,-0.615494211689789,-0.698076374554832,-0.0895437590091929,0.202995406200534,-0.360958799370799
2018-09-21,-0.597724842314595,-0.62179520828861,-0.695659232687438,-0.0907050220040228,0.228415954690168,-0.359547240931413
2018-09-28,-0.593306679619688,-0.622766149215356,-0.689917658790306,-0.0905805388256873,0.251224246062062,-0.358187888694086
2018-10-05,-0.586538172338946,-0.617094571371421,-0.680847808683865,-0.0889401257767536,0.271455789528841,-0.35691903906302
2018-10-12,-0.576547241181402,-0.603741768268306,-0.668300121272715,-0.0849571765955465,0.288885482301811,-0.35579159658595
2018-10-19,-0.565343353311529,-0.589819840453758,-0.654121134784046,-0.0785566789366038,0.303325439322968,-0.354855557635429
2018-10-26,-0.551920374332495,-0.577430590058772,-0.638043997374107,-0.0692983865317174,0.315057519684395,-0.354164449314327
2018-11-02,-0.536819161086155,-0.568367159837854,-0.621037513042628,-0.0569868038575868,0.323978677450039,-0.353772520057067
2018-11-09,-0.520937131046988,-0.560645625458578,-0.604166489281369,-0.0420641919487848,0.330083209963149,-0.353732999779988
2018-11-16,-0.501738062952607,-0.545588283002215,-0.587034253369972,-0.0240985832482847,0.333695692142769,-0.354096732202371
2018-11-23,-0.480697933139238,-0.521030605743715,-0.570188364081209,-0.0047014427583799,0.333898909029022,-0.354912047935104
2018-11-30,-0.460625536932048,-0.489797827402869,-0.555458798842437,0.014253169323599,0.329653500246578,-0.356223758789155
2018-12-07,-0.441679918181648,-0.455612554570363,-0.542959589476245,0.0312327603426006,0.32039722385997,-0.358072975060801
2018-12-14,-0.428396739707509,-0.430287350225342,-0.535131873421752,0.043980843179579,0.304475473993783,-0.360497147858316
2018-12-21,-0.422453586378286,-0.419529601027849,-0.532866628282721,0.0513606267955061,0.280971614188428,-0.363529377764154
2018-12-28,-0.425838692905647,-0.425094224363351,-0.536693163103516,0.0519411594623886,0.25007270432324,-0.367197054741684
2019-01-04,-0.438764264887684,-0.444051882119828,-0.548119735447814,0.0465130870440139,0.212762181573471,-0.371525761055998
2019-01-11,-0.458610526069726,-0.465992566964539,-0.564309125789843,0.0353664364739998,0.171360914077333,-0.376534389848312
2019-01-18,-0.482057251403513,-0.487723415520323,-0.583949595818378,0.0211530987128348,0.127420919964289,-0.382234593007098
2019-01-25,-0.506375751251498,-0.506445335898628,-0.605356360064773,0.0055067399736216,0.083706148760832,-0.388632901135181
2019-02-01,-0.5302391227572,-0.524583300890476,-0.627639848814523,-0.0097731464190206,0.0418176098027133,-0.395727498364843
2019-02-08,-0.550799698298111,-0.543047144087193,-0.648534686533844,-0.0231750001623048,0.0034350415001055,-0.403504279554029
2019-02-15,-0.568150009089973,-0.56324272625565,-0.667819800446951,-0.0337824943114703,-0.0309197877120263,-0.411935646846771
2019-02-22,-0.581550697373633,-0.582145722071255,-0.684177486372172,-0.0416127750125758,-0.0605683722632442,-0.420978207022252
2019-03-01,-0.590603919143007,-0.594790138842511,-0.696842497736933,-0.0467543450112549,-0.0854622286545533,-0.430570139651005
2019-03-08,-0.595931786080546,-0.598704210211769,-0.706142565249566,-0.0495427828663154,-0.105817678346395,-0.44063125782661
2019-03-15,-0.599846331622304,-0.597040200834074,-0.71277545866841,-0.0513762123946337,-0.122312297145621,-0.451061454274454
2019-03-22,-0.603752260464954,-0.594126540531508,-0.718197859605305,-0.0525960045022588,-0.13534736897946,-0.46174107441464
2019-03-29,-0.606456748788173,-0.593504465638656,-0.721545946412648,-0.0536278558622143,-0.144662739342001,-0.472536140664392
2019-04-05,-0.61048354596492,-0.599486995018773,-0.72482500593508,-0.0549170922819286,-0.150711781036806,-0.483310509306317
2019-04-12,-0.613706329402134,-0.609538674789291,-0.726781980866523,-0.0558979295597881,-0.153449849652636,-0.49390575780249
2019-04-19,-0.61567668687285,-0.619259200609694,-0.727573107581565,-0.0562045007334217,-0.152768741491606,-0.504195585396024
2019-04-26,-0.61472638391998,-0.623136484639933,-0.726212149546964,-0.0552553855224836,-0.148832284054742,-0.514064956641618
2019-05-03,-0.611378838860034,-0.620751207757855,-0.723066339877014,-0.05300056537946,-0.142113877265781,-0.523422939609684
2019-05-10,-0.604654007563096,-0.612306122079483,-0.717643212534485,-0.0493239334504129,-0.132785095531438,-0.532207663856156
2019-05-17,-0.596533645834695,-0.602736177905023,-0.711008717246953,-0.0449374763780554,-0.121823433224547,-0.540386588617874
2019-05-24,-0.588532971225652,-0.595613497516455,-0.703976203990588,-0.0406908272646798,-0.109942229607275,-0.547954400044968
2019-05-31,-0.580637232499992,-0.590502418916265,-0.69678380871101,-0.0369396910444689,-0.097310059260364,-0.554932276905213
2019-06-07,-0.575300915624661,-0.58877948877792,-0.691348762078202,-0.034293050509514,-0.0847224052046563,-0.561363783626882
2019-06-14,-0.573137541239709,-0.587697783620985,-0.688614759650108,-0.0328110374850608,-0.0723198112982444,-0.567311005742336
2019-06-21,-0.572970021559066,-0.586074154870819,-0.688747120276916,-0.0318222466668296,-0.059398553119033,-0.572850198513786
2019-06-28,-0.575232342587683,-0.585408251142107,-0.69170751371497,-0.030471163137511,-0.0474227696788112,-0.57806620782076
2019-07-05,-0.579161221443681,-0.58857375355881,-0.697141066604145,-0.0286489410259108,-0.0350245250386427,-0.583043451826699
2019-07-12,-0.58109150642746,-0.59208244631915,-0.701601282626347,-0.0254081625033631,-0.02219518647228,-0.587868750777438
2019-07-19,-0.580916326057843,-0.594940027408773,-0.704359688161288,-0.0206520054376363,-0.0089117938213078,-0.59261971503793
2019-07-26,-0.577603287066152,-0.593747562549853,-0.703984070692154,-0.0143132035213589,0.0047585969881268,-0.597361840926468
2019-08-02,-0.569869187184951,-0.583598951379663,-0.699651540824805,-0.0060790688289886,0.0191394154374332,-0.602147301787992
2019-08-09,-0.559018298411813,-0.568112936949592,-0.692203439881565,0.0032469407765244,0.0332701719662205,-0.607012180276386
2019-08-16,-0.547421544792162,-0.550887588911623,-0.68274715727715,0.012596593083469,0.0465036681241983,-0.61197606889711
2019-08-23,-0.537116182200535,-0.540978355549779,-0.672873160531318,0.0205198173802681,0.0583903977270329,-0.617041538172948
2019-08-30,-0.527633282602545,-0.540538052185459,-0.662315996463782,0.0265206364175103,0.0680849555545452,-0.622194360750243
2019-09-06,-0.520688107071364,-0.551483564063164,-0.652782662241852,0.0290771876165121,0.0751485956480018,-0.627403130316468
2019-09-13,-0.515264102113698,-0.563361414414619,-0.643980777003884,0.0285075044429674,0.0792732283968044,-0.632618883708889
2019-09-20,-0.511321229611366,-0.570574484522744,-0.637162639285393,0.0251591027848872,0.0804982963588517,-0.63777521046798
2019-09-27,-0.511435868140683,-0.570005257398059,-0.634834333140962,0.0193019100151067,0.0786372254327418,-0.642792441897798
2019-10-04,-0.515184590798838,-0.562294246969838,-0.636777535846816,0.0114789884265365,0.0744424174624767,-0.64756485162546
2019-10-11,-0.523668458690966,-0.556080817256303,-0.644034414922135,0.0028333135495438,0.0683361073545572,-0.651978033605983
2019-10-18,-0.536070172474875,-0.560407876764254,-0.655436296183434,-0.0058949235367049,0.061742746636489,-0.655894499288131
2019-10-25,-0.549862747127737,-0.578175875859198,-0.668519406502324,-0.0136214075605925,0.0562575498130783,-0.659161177728389
2019-11-01,-0.561817149908894,-0.602191677445861,-0.680058506169244,-0.0193133029730667,0.0532691160353853,-0.661612649370692
2019-11-08,-0.571223039661449,-0.622580800493367,-0.688524907798539,-0.0230139115187243,0.0536447577567482,-0.663085772093232
2019-11-15,-0.5761178153477,-0.628184108580647,-0.692592410058042,-0.0245490634013125,0.0586928522231324,-0.663429407115831
2019-11-22,-0.575840548706593,-0.615472322642598,-0.691322846024419,-0.0247737067308095,0.0684121378795551,-0.662516971839203
2019-11-29,-0.570646902718036,-0.588400645271548,-0.68523082303483,-0.0248478189290587,0.0829127905530013,-0.660261605240338
2019-12-06,-0.561535083429456,-0.559596024911773,-0.676169579031847,-0.0262967999223219,0.102111677151397,-0.656626058931259
2019-12-13,-0.553913281363494,-0.544797287361519,-0.668943643642892,-0.0306689648805,0.12526031952248,-0.651636195931516
2019-12-20,-0.549922086343474,-0.545395633179121,-0.666328987300986,-0.0388751251980663,0.152415388766516,-0.645394433690227
2019-12-27,-0.554671889726996,-0.557574141293123,-0.671794937784854,-0.0516109782697186,0.183002768547019,-0.638077709064857
2020-01-03,-0.567853405322461,-0.570277944516385,-0.6854347532554,-0.0672924373158526,0.217571608755617,-0.629914462455507
2020-01-10,-0.58783742451866,-0.577683184330843,-0.704229237318157,-0.0833062851558932,0.256082449473601,-0.621249546524577
2020-01-17,-0.609230395770504,-0.582443115488454,-0.721428249057767,-0.0961829625609983,0.29970785116397,-0.612424823411185
2020-01-24,-0.622701214004806,-0.590273086923381,-0.727594078205399,-0.100789519339073,0.349254065820605,-0.603827356879686
2020-01-31,-0.620707222887816,-0.606829617813044,-0.715312231587616,-0.0918735031100711,0.405077917042714,-0.595871250506402
2020-02-07,-0.595173100857831,-0.6252919188487,-0.677661908417558,-0.0651521160722431,0.46779067176606,-0.588993936646021
2020-02-14,-0.535616200074312,-0.617280425166615,-0.608351309423702,-0.0162119669320651,0.537236623652798,-0.583651088212572
2020-02-21,-0.435599038349699,-0.546830158268602,-0.504522601349043,0.056350484634227,0.611405360561097,-0.580323454329934
2020-02-28,-0.296610307873469,-0.392968361165571,-0.370604687605101,0.150173456016847,0.6875158915697,-0.579515105149794
2020-03-06,-0.134849429791216,-0.172509702693876,-0.222314073239626,0.257900944233042,0.761532648806381,-0.581753875587673
2020-03-13,0.0319864500649994,0.0802360876864486,-0.0758201436091074,0.369712807957689,0.828403160218925,-0.587595387845591
2020-03-20,0.177848622922662,0.30752190142319,0.0461149247719428,0.473455234381955,0.88445919028475,-0.597616128032294
2020-03-27,0.270637295494147,0.445676148537101,0.121756869822138,0.553577942106898,0.924986003723286,-0.612385590296982
2020-04-03,0.30891530357629,0.485618675271337,0.144362060839761,0.60724609142227,0.949055841153091,-0.632484018073806
2020-04-10,0.295215710309608,0.438150209911334,0.117600940143402,0.63114857969898,0.955412439261751,-0.65848486718012
2020-04-17,0.239609785425412,0.340812199952955,0.0506679306646987,0.625926030257058,0.945032954073583,-0.690840392820737
2020-04-24,0.160887767725455,0.234275611527562,-0.0403653528931629,0.598317546783107,0.917615964220571,-0.729939540067132
2020-05-01,0.0636609883087814,0.127359394245009,-0.148158224915277,0.552200530358484,0.874947875314862,-0.776046316410624
2020-05-08,-0.03568897445883,0.0220280387123685,-0.253535137362833,0.492760607642501,0.819212263434586,-0.829241702621722
2020-05-15,-0.12588288433537,-0.0820766956496868,-0.345968405686858,0.428210991703181,0.752717336718173,-0.889407343383797
2020-05-22,-0.205531536440916,-0.196944377215051,-0.41983435841772,0.361571604253168,0.678615705148889,-0.956203327287492
2020-05-29,-0.268951124070181,-0.309542987002369,-0.472647487133197,0.299373474392549,0.601056712014337,-1.02903676062496
2020-06-05,-0.315527231476634,-0.401649306427173,-0.505538672614959,0.24534796075785,0.524030973403664,-1.10706777889032
2020-06-12,-0.345452920939591,-0.453689650525697,-0.523247304135359,0.202118276233832,0.452680099555556,-1.18919484931088
2020-06-19,-0.368054391589339,-0.472442237296287,-0.533812748853578,0.168007688896426,0.389434907975856,-1.27406208987646
2020-06-26,-0.386199640142627,-0.470272492424049,-0.542601908263026,0.141816405157195,0.33826062210418,-1.36011755369053
2020-07-03,-0.403251428527006,-0.467962110976466,-0.552370225293063,0.120743916120518,0.300586675141148,-1.44576498885154
2020-07-10,-0.421701287824987,-0.480093047382597,-0.564524644863961,0.101740486978171,0.276998590952698,-1.52911253810602
2020-07-17,-0.440443329508846,-0.504540399606448,-0.578499191608209,0.0838171032008787,0.267270654587586,-1.60858532152131
2020-07-24,-0.459412390104906,-0.53413410496116,-0.593917291770505,0.0664144636843717,0.270196092466122,-1.68269753487607
2020-07-31,-0.476847668564243,-0.554415312978603,-0.608220518111813,0.0486186373634285,0.284107191551218,-1.75017793873986
2020-08-07,-0.490530694642867,-0.559880080698219,-0.619069898114898,0.0320825270982394,0.306393198523439,-1.81002821971947
2020-08-14,-0.50078395538849,-0.561222842895323,-0.626727388101406,0.0175051678779205,0.334694642346444,-1.86154615789811
2020-08-21,-0.506913885215467,-0.571161691257348,-0.630055142968094,0.0054524409086594,0.366842714840578,-1.90430981550129
2020-08-28,-0.508936659337618,-0.595655752337219,-0.629366100884993,-0.0030995323908103,0.400511694700945,-1.93818544885535
2020-09-04,-0.5068145307678,-0.633912384737895,-0.625208648553733,-0.0080814329157897,0.434401818387867,-1.96330958890936
2020-09-11,-0.50247979706535,-0.666775302911446,-0.619783776900813,-0.0098697200273404,0.466879137867932,-1.98005984089453
2020-09-18,-0.498650061211523,-0.682899284028867,-0.614942636624145,-0.010026796722181,0.496642453783676,-1.98904740234161
2020-09-25,-0.492999187063318,-0.668696568510326,-0.609578666123175,-0.0090744655709467,0.522547266286348,-1.9910659796895
2020-10-02,-0.489886642297026,-0.631551957937331,-0.605637710396934,-0.0091416611128288,0.541840588146533,-1.98704530469916
2020-10-09,-0.490034358633698,-0.581292287152695,-0.603938351350752,-0.0113222187916499,0.553802521018935,-1.97798093604382
2020-10-16,-0.492550931699047,-0.540081416942314,-0.604780532864834,-0.0151072865703057,0.557033246422933,-1.96506360375809
2020-10-23,-0.498455853785295,-0.515542817427067,-0.608702427576522,-0.0209658150985945,0.550882186485666,-1.94932272865287
2020-10-30,-0.506987858670766,-0.50651802864131,-0.615461144970451,-0.028406045100247,0.535567455049433,-1.93178178442159
2020-11-06,-0.520547459138586,-0.507619777527494,-0.6268055416858,-0.0374018866189994,0.511603758745071,-1.91336400771728
2020-11-13,-0.537191456208002,-0.511618299369043,-0.641096573258917,-0.0469039671907532,0.479591838787183,-1.89485818415474
2020-11-20,-0.55328449004559,-0.509820529470314,-0.655436659119134,-0.0561654937609951,0.441836595760746,-1.87691239432134
2020-11-27,-0.567796444558458,-0.503748608913895,-0.668786504519549,-0.064503497379339,0.399827675372594,-1.86003785828599
2020-12-04,-0.580633497529711,-0.498155514058934,-0.680583873246849,-0.0723635496455889,0.355425578286385,-1.84460132487205
2020-12-11,-0.590788683835988,-0.49763677455944,-0.690125819410194,-0.0792118779581001,0.310222188676996,-1.83083822610586
2020-12-18,-0.59816790619117,-0.501537192900292,-0.696573543998991,-0.085498820672801,0.264501256624206,-1.8188589429395
2020-12-25,-0.604391590430321,-0.506439241395347,-0.700807268229226,-0.0916678610199186,0.217869484751014,-1.80865273284277
2021-01-01,-0.60968936271551,-0.509733111975992,-0.702756002803288,-0.0980859527898608,0.169867213293223,-1.80012284635226
2021-01-08,-0.614219993228885,-0.508659662064303,-0.702751937701498,-0.104689514997923,0.118941618832193,-1.79310076302649
2021-01-15,-0.616947543198398,-0.507735864986691,-0.700287315836758,-0.110779382552412,0.0635117232821491,-1.78734323126697
2021-01-22,-0.618975246379393,-0.509381360073586,-0.696484892902454,-0.116488362567576,0.0027999639621972,-1.78255551801428
2021-01-29,-0.619381923205218,-0.516469458499899,-0.690470635765704,-0.121312436771012,-0.0644515873388865,-1.77842386885426
2021-02-05,-0.621575580972094,-0.533164598302324,-0.684781768842414,-0.125880749426438,-0.137963693556566,-1.77460239861527
2021-02-12,-0.62332416733251,-0.549636697507823,-0.678316682834137,-0.129702686603379,-0.215927955430329,-1.7707427394055
2021-02-19,-0.6251974307709,-0.561935018638452,-0.671645566306322,-0.133234133472974,-0.295782274716254,-1.76650760404436
2021-02-26,-0.627344463687961,-0.566832386682154,-0.665768992488536,-0.13679084703131,-0.373567839271819,-1.76158132821525
2021-03-05,-0.63157728783189,-0.566132977587478,-0.662358102452167,-0.141087135715265,-0.445724110571018,-1.75568243744196
2021-03-12,-0.636664010168751,-0.562426080543619,-0.661368388974874,-0.145969504721551,-0.508450362238204,-1.74857253965658
2021-03-19,-0.642130924295067,-0.559622271521553,-0.662526127912182,-0.151708918959728,-0.559128428787098,-1.74006292289334
2021-03-26,-0.648687031951887,-0.561229144420138,-0.666428392489009,-0.158205748135522,-0.59667481549986,-1.73002358488985
2021-04-02,-0.655552662100876,-0.565778482681543,-0.671952871274704,-0.165174401027922,-0.621454217397782,-1.71838524768664
2021-04-09,-0.663667990390229,-0.569758536108932,-0.679456478323161,-0.172485913126978,-0.634510446039096,-1.70512075224888
2021-04-16,-0.670414048951933,-0.569844702457991,-0.687020278303306,-0.178755221916958,-0.637877593865548,-1.69027461190843
2021-04-23,-0.676612491784509,-0.565602765798048,-0.694508604888589,-0.183853996739724,-0.633906674963639,-1.67391110950969
2021-04-30,-0.681857358361784,-0.559788929618761,-0.701701972751175,-0.187058386164415,-0.624572288576632,-1.65612915195408
2021-05-07,-0.686701871184919,-0.556646226398666,-0.708795684678728,-0.188626265404616,-0.610764031455807,-1.63704954177843
2021-05-14,-0.688789594120381,-0.557089644833088,-0.715108237841698,-0.187128175233622,-0.593290040448512,-1.61681637702
2021-05-21,-0.691257550847437,-0.564166288446791,-0.721896767392834,-0.184463281181904,-0.571795965132537,-1.5955921186796
2021-05-28,-0.693393009445327,-0.574241601056866,-0.728378686977221,-0.18098041715348,-0.54590755075516,-1.57355938164654
2021-06-04,-0.694312985709475,-0.58356621919983,-0.733548984262684,-0.176897483025452,-0.515481795200652,-1.55092077434105
2021-06-11,-0.69355765576106,-0.589129544306851,-0.73719913195273,-0.172883358209911,-0.479143446629346,-1.52789788580722
2021-06-18,-0.690498913682765,-0.590947188275587,-0.738376826327143,-0.16902728495838,-0.437712719358937,-1.50473312539202
2021-06-25,-0.686479320577614,-0.592602529566161,-0.737915887689774,-0.165401667143525,-0.392692007851524,-1.48168706434508
2021-07-02,-0.680935206797713,-0.595193861247329,-0.736065155241744,-0.161688971059969,-0.345095312493057,-1.45903091785395
2021-07-09,-0.674265523315617,-0.600144983867609,-0.733251849598625,-0.157635554208681,-0.297411258081605,-1.43703506280192
2021-07-16,-0.667548799563961,-0.604481181437674,-0.729959957985535,-0.153319164159488,-0.252856464358297,-1.41598779716665
2021-07-23,-0.661032560614717,-0.606111020234944,-0.726683824799386,-0.148870608206623,-0.213669163549641,-1.39612058903941
2021-07-30,-0.655705339944873,-0.604538303427529,-0.724028903507809,-0.144699349273823,-0.182415330186815,-1.37764118078797
2021-08-06,-0.651069131835381,-0.601803916708365,-0.721840682746798,-0.140826531540395,-0.160964906982891,-1.36070901082012
2021-08-13,-0.648342253618252,-0.602304262932468,-0.720858308359306,-0.137872361416739,-0.150522666063932,-1.34542473607767
2021-08-20,-0.646669964455855,-0.609977968866037,-0.720237739485454,-0.136371956502218,-0.151345311414398,-1.33182866419649
2021-08-27,-0.647349328310331,-0.626409239657533,-0.720669806880849,-0.135983063233555,-0.163943648371213,-1.31990074225968
2021-09-03,-0.648529946296931,-0.64750693334154,-0.720823454716262,-0.136570820867226,-0.186553871232684,-1.30955804769253
2021-09-10,-0.650379581029349,-0.66484406441309,-0.720308539573849,-0.137736956695676,-0.217888427039127,-1.30066035162894
2021-09-17,-0.652532107540711,-0.67444128380254,-0.718519468096448,-0.139082634984673,-0.25549234988985,-1.29301219582474
2021-09-24,-0.653729609803829,-0.674082384894334,-0.714457349267038,-0.140060656591326,-0.296021089312915,-1.28636749951678
2021-10-01,-0.653978685742306,-0.666939314376008,-0.708118432458076,-0.140384785197926,-0.335883397163623,-1.28044606454207
2021-10-08,-0.652181331891267,-0.657554751009863,-0.698692762592986,-0.139756166091566,-0.371713131724547,-1.27495374484772
2021-10-15,-0.646527414950499,-0.649649558419961,-0.68529061760517,-0.137899981640704,-0.400187983871644,-1.26955388323811
2021-10-22,-0.636634874320893,-0.642585911152076,-0.667739520061274,-0.13495301305608,-0.419346251288882,-1.2639525141175
2021-10-29,-0.622168902748744,-0.631526174416884,-0.646843684370557,-0.130678102012938,-0.428238376421614,-1.25787197405345
2021-11-05,-0.604489629865021,-0.61160336878353,-0.624293362648235,-0.125362657489694,-0.427434530637395,-1.25106744863043
2021-11-12,-0.585233221312497,-0.582410125496444,-0.601312275342174,-0.119896071889436,-0.418993040821227,-1.2433413620856
2021-11-19,-0.567258783300548,-0.549280766934325,-0.581521100990265,-0.114228798332157,-0.40526349902469,-1.23454590077626
2021-11-26,-0.551359839841067,-0.519985046764992,-0.565545023669574,-0.108977247138967,-0.389234145360223,-1.22458259943783
2021-12-03,-0.540392146379209,-0.503522142193796,-0.556033062961979,-0.104776960862306,-0.373444376257011,-1.21340496859201
2021-12-10,-0.538272677753755,-0.505991414330967,-0.555629730421047,-0.102056698705966,-0.361282577823031,-1.20101478591349
2021-12-17,-0.5409104766003,-0.520097686149922,-0.561130354357349,-0.0998467235091766,-0.354491316501837,-1.1874596358735
2021-12-24,-0.547903753772308,-0.538217921100397,-0.571028757792975,-0.0979699762958676,-0.354699908572575,-1.17283073555856
2021-12-31,-0.556413909890434,-0.550786793430757,-0.582311139007943,-0.0954995271006835,-0.362395845851429,-1.15725274821792
2022-01-07,-0.562262928437042,-0.553285105509541,-0.590708969376832,-0.0909771625497141,-0.378016267177945,-1.14086604352992
2022-01-14,-0.56240656083472,-0.546632753085191,-0.592862647043856,-0.0839164095583656,-0.400119481697171,-1.12384725077691
2022-01-21,-0.555864529688346,-0.535832591109668,-0.587225924725945,-0.0737919783198316,-0.427747066310981,-1.10636044866937
2022-01-28,-0.541871785991713,-0.522912954996569,-0.572809871659827,-0.06074320103832,-0.458933023612223,-1.08856658903007
2022-02-04,-0.522954344344543,-0.506519945100692,-0.551421315721478,-0.0454517844588303,-0.492059279257837,-1.07061681978962
2022-02-11,-0.497598302221323,-0.477410396182843,-0.52264090401158,-0.0283844475273098,-0.524298836364827,-1.05264661341819
2022-02-18,-0.468080284990408,-0.43144139492303,-0.489567952201337,-0.0104264665927471,-0.553084720534446,-1.03477381405024
2022-02-25,-0.438605660586226,-0.372566333605048,-0.45607499693242,0.0068270102160987,-0.576604560352393,-1.01710012849375
2022-03-04,-0.411564552548149,-0.310974362796276,-0.425327243945291,0.022674342660742,-0.593126404059633,-0.999711356605948
2022-03-11,-0.390570832177828,-0.265713171894786,-0.401183499911351,0.0361728313540878,-0.600937033066555,-0.982678821054546
2022-03-18,-0.378580860337922,-0.249051677233407,-0.386541019136584,0.0467492923076031,-0.598806555881643,-0.966061925336994
2022-03-25,-0.372801313122449,-0.258509781590163,-0.379022805156403,0.054368284338421,-0.58528124386466,-0.94990877409201
2022-04-01,-0.370464897711214,-0.279889942276009,-0.376396334027929,0.059981907905948,-0.559896996339645,-0.934258758241292
2022-04-08,-0.367996779912853,-0.294673824377642,-0.375422702545011,0.0650111490415868,-0.523040295368429,-0.919140083508594
2022-04-15,-0.361269848058173,-0.28537388688505,-0.371809121355857,0.0703281636431017,-0.47499555124984,-0.90457870742818
2022-04-22,-0.351030440757743,-0.253756473662071,-0.365404448479313,0.0768836104454412,-0.417745310807823,-0.890579459035277
2022-04-29,-0.336113575148645,-0.21027915893608,-0.3545492880898,0.085304650846083,-0.353111859269635,-0.877139104836678
2022-05-06,-0.318580727547863,-0.172617217127848,-0.340832271368743,0.0960264578543724,-0.283590653109971,-0.864241460162261
2022-05-13,-0.29976018957058,-0.15136209194288,-0.324808614134591,0.108767021638183,-0.212092574917511,-0.851860074903913
2022-05-20,-0.280721244110304,-0.144897926537554,-0.307578864053399,0.123480798239451,-0.141873451849256,-0.839961404605312
2022-05-27,-0.259372928949867,-0.138573255644471,-0.287857171937134,0.139581022341759,-0.0751254802367614,-0.828508419824252
2022-06-03,-0.236270685451801,-0.120704802511644,-0.26771309045351,0.156785004093119,-0.0140658793000197,-0.817463827219021
2022-06-10,-0.211829589030497,-0.0873439074537268,-0.248003575096777,0.173698900483708,0.0394757562451556,-0.806793676452818
2022-06-17,-0.188073679142537,-0.0481823768255727,-0.230682825945908,0.188795488667886,0.0838052138710606,-0.796470758712277
2022-06-24,-0.172349117658138,-0.0231044774972161,-0.220647339493893,0.199340013518725,0.117317562017733,-0.786477617650823
2022-07-01,-0.166165438555026,-0.0275037907042048,-0.219206489340166,0.204845022077528,0.139178940463643,-0.776808359412606
2022-07-08,-0.169572565126723,-0.064285906175334,-0.225193380913388,0.204537233762214,0.149680940374351,-0.767466894692624
2022-07-15,-0.182945574904381,-0.121043024601175,-0.237719726889556,0.198623090843026,0.149421649486714,-0.758473918135388
2022-07-22,-0.201909041076646,-0.179560007716369,-0.252921866080856,0.18891414183652,0.140307190083259,-0.749851882898994
2022-07-29,-0.219981260424867,-0.221284773765696,-0.265322049293914,0.17798124985357,0.124680491061444,-0.741632424300739
2022-08-05,-0.23314643216448,-0.240608175344315,-0.272099127869142,0.168584928057633,0.105027373591251,-0.73385133668142
2022-08-12,-0.240567188034494,-0.243756004734178,-0.272277416762844,0.162307414853661,0.0835804386372834,-0.726547851093259
2022-08-19,-0.238233563566186,-0.238530268745988,-0.264226419300278,0.161457360693938,0.0630972213749401,-0.7197633179796
2022-08-26,-0.225796595746406,-0.230818839929233,-0.247683178667414,0.166682220803781,0.0441981605250779,-0.713541000663911
2022-09-02,-0.205027589500006,-0.220503060232199,-0.224885857769423,0.177315205247255,0.0281600730487041,-0.707924997593434
2022-09-09,-0.179358632134264,-0.203666898854421,-0.198472940909955,0.191416067831613,0.0148999250902298,-0.702960047280121
2022-09-16,-0.151739573595108,-0.173078614954651,-0.171929670411377,0.20783251577101,0.0033134320871535,-0.698691339874793
2022-09-23,-0.126602612263083,-0.132328066558194,-0.149034094729941,0.223536670499815,-0.0064956956337031,-0.69516369304534
2022-09-30,-0.10778430200234,-0.0924550916750066,-0.132814096046435,0.236539633030705,-0.016113520643919,-0.692419555694477
2022-10-07,-0.100504860108848,-0.0663127722484872,-0.126371304058308,0.244344250696533,-0.0269966404588689,-0.690502026092397
2022-10-14,-0.102180635598837,-0.0630781103887227,-0.127792539280239,0.246784781463015,-0.0395285754940255,-0.689449916718613
2022-10-21,-0.112449898958056,-0.0837480555194432,-0.135862255572514,0.243454674147082,-0.0541157144677083,-0.689293874534928
2022-10-28,-0.127445570143664,-0.117540406019679,-0.147306186529309,0.235861123177873,-0.071333311556235,-0.690059170787751
2022-11-04,-0.145134706577808,-0.153901722109381,-0.160515274038826,0.225351443980602,-0.0909841762494529,-0.691760429304579
2022-11-11,-0.162036259448178,-0.180220823132861,-0.173799372123905,0.214230546397683,-0.112502303627404,-0.694396680203251
2022-11-18,-0.17482805093704,-0.192693107833906,-0.18488252518964,0.204365127211198,-0.136170140369943,-0.697949315440761
2022-11-25,-0.182714387246057,-0.193719994876967,-0.193460694560993,0.196813686106619,-0.162394537698495,-0.702379108176401
2022-12-02,-0.187523656482032,-0.192060990789794,-0.20217243391621,0.192144929501899,-0.191125652683019,-0.707622998096374
2022-12-09,-0.190728203519197,-0.194871010911858,-0.211583128073884,0.18965468640069,-0.22304814001642,-0.713594181026288
2022-12-16,-0.197277295509796,-0.206399464590736,-0.224947038697286,0.187576684618624,-0.258047456267074,-0.720180289056343
2022-12-23,-0.207443779718938,-0.223313542358888,-0.241897178048459,0.184962041788087,-0.295364320653031,-0.727244493907822
2022-12-30,-0.224791132711105,-0.244621051613254,-0.263943445801933,0.180202534908883,-0.33373049339317,-0.734631470095476
2023-01-06,-0.247443688973746,-0.264258294267601,-0.289108170521953,0.173026572854853,-0.370254343157224,-0.742181487155138
2023-01-13,-0.271846103831569,-0.28149475983637,-0.313873085633029,0.164135477586355,-0.401938037420311,-0.749708054320111
2023-01-20,-0.292724149930082,-0.294494905899688,-0.333527899628526,0.155095889345865,-0.425872757069443,-0.757060464298403
2023-01-27,-0.309328030616594,-0.306954471859855,-0.347031444446406,0.147228002069341,-0.439491269602038,-0.764099500896677
2023-02-03,-0.316551261621051,-0.315204659507567,-0.35012555316208,0.141979612590964,-0.439693865070475,-0.770712570630289
2023-02-10,-0.312651958028367,-0.315004427811369,-0.341674174199709,0.14082250990466,-0.424972519478005,-0.776819758623322
2023-02-17,-0.29807139462081,-0.299860793582733,-0.32319237572795,0.144400527131925,-0.393736460002941,-0.782373598499257
2023-02-24,-0.272704354009396,-0.26443161917353,-0.295846729648235,0.152780344270601,-0.345206854266343,-0.787356975833574
2023-03-03,-0.241766976043872,-0.215138126809129,-0.265270934285747,0.164939888405579,-0.279774232890218,-0.791782622397018
2023-03-10,-0.209251230340796,-0.162110608375152,-0.235740917242179,0.179230495910821,-0.19853094431382,-0.795688801963934
2023-03-17,-0.177773652496838,-0.116742141156938,-0.210216374790119,0.193966772229288,-0.103007285206752,-0.799135985747288
2023-03-24,-0.159041061080256,-0.0983375528766497,-0.197645788388873,0.206377810197099,0.0031124161787914,-0.802203582043263
2023-03-31,-0.15504505737552,-0.110008812572167,-0.198675738648082,0.213540692608804,0.118856759678068,-0.804981443301908
2023-04-07,-0.158207421264305,-0.138588672438168,-0.208953942082679,0.217264044064165,0.242236875632611,-0.807564454008848
2023-04-14,-0.169348436497221,-0.175474599841098,-0.228238702218254,0.216933849385237,0.370870253231049,-0.810056239744841
2023-04-21,-0.18277537696327,-0.20643200844156,-0.251796844035592,0.213728570160541,0.502497471504294,-0.812551408651488
2023-04-28,-0.19356554499925,-0.223667129611853,-0.274198988243748,0.208626627724956,0.6335216974259,-0.815136717332942
2023-05-05,-0.202000408985518,-0.230262900177578,-0.294614541996397,0.202207037715967,0.760106404319423,-0.817889021102005
2023-05-12,-0.208714933030522,-0.231889523032046,-0.310610192878136,0.194495971781533,0.875988405770631,-0.820868302625591
2023-05-19,-0.21286386437491,-0.232598333427583,-0.321526064113321,0.186471361901074,0.977080692471098,-0.824115787195167
2023-05-26,-0.214919046715884,-0.234296715565702,-0.327413806765904,0.178517717454787,1.05885894577001,-0.827652345662797
2023-06-02,-0.216732842551376,-0.236355634201521,-0.330191406476608,0.171052338874894,1.11711591702697,-0.831476234565681
2023-06-09,-0.217811410235491,-0.232727318197178,-0.330473046376852,0.164651315640294,1.14916767746611,-0.835563056289667
2023-06-16,-0.21981901906057,-0.227047163796705,-0.330598715903877,0.159431986155103,1.15276971146224,-0.839865053076266
2023-06-23,-0.22383089286437,-0.222508645188703,-0.332442324162756,0.155124713942225,1.12803803669249,-0.844311163079961
2023-06-30,-0.229915312515055,-0.221945101716338,-0.33569513874636,0.151061484345234,1.07592610549279,-0.848812018885402
2023-07-07,-0.238659815083634,-0.229206104880524,-0.341809927754426,0.147484113716627,0.999039190528445,-0.853267209090486
2023-07-14,-0.251532542032971,-0.24475631259918,-0.35126966182482,0.143442851455514,0.901655285745012,-0.857554638965987
2023-07-21,-0.266486455363178,-0.26251394966172,-0.363115396380382,0.139752047194581,0.7893279834973,-0.861565083293207
2023-07-28,-0.282483327951978,-0.277061697400378,-0.376221821751803,0.136076402084326,0.669171392628746,-0.865190953312268
2023-08-04,-0.299922060278891,-0.286151023295031,-0.390322707357575,0.132579893354451,0.5471510430693,-0.868335698718752
2023-08-11,-0.315768020465853,-0.288945407164838,-0.403665012712925,0.129303995009891,0.432079026568991,-0.870920097323185
2023-08-18,-0.328232111560747,-0.286951965967913,-0.414213395528023,0.126762374339091,0.328809975758657,-0.872884777852898
2023-08-25,-0.336970661409903,-0.284110962160831,-0.421203799217898,0.124918844208198,0.241511383618081,-0.874191331508895
2023-09-01,-0.342434002384375,-0.282999488486699,-0.42454700818514,0.123790162192122,0.1723888716949,-0.874824683562427
2023-09-08,-0.342101702350835,-0.280858771407834,-0.422339541575444,0.1239977568556,0.121839619743341,-0.874792249395295
2023-09-15,-0.337297046384668,-0.27855759669853,-0.415335486336857,0.125105099959587,0.0886377911843479,-0.874123919618353
2023-09-22,-0.328329412170163,-0.272414281538041,-0.404214979957284,0.126976417873978,0.0708582133289701,-0.872871575302403
2023-09-29,-0.316101187639998,-0.261714200821771,-0.389726296716732,0.128983005853507,0.0652535968387846,-0.871104403601719
2023-10-06,-0.304906273045421,-0.253169713948404,-0.375845175705537,0.130493646857361,0.0680356812746741,-0.868899737375879
2023-10-13,-0.295386374633156,-0.248293237072822,-0.363237320102836,0.130764653262674,0.075807246954926,-0.866356096166012
2023-10-20,-0.289486040155069,-0.251566552711623,-0.354098445089144,0.129534728976612,0.0854197450522442,-0.863562285708896
2023-10-27,-0.288554570348964,-0.264827043111513,-0.349800989313029,0.126169987965575,0.0947573886149391,-0.860605994318426
2023-11-03,-0.29329434977214,-0.287560182744091,-0.351118801398636,0.120802895456804,0.10165806694512,-0.857568797549486
2023-11-10,-0.301813371515067,-0.311702833791262,-0.356802620694178,0.113677044302113,0.105627985489118,-0.854522727524363
2023-11-17,-0.312313261962255,-0.333829246138788,-0.365277884368132,0.105586458714496,0.105530651377466,-0.851529523884961
2023-11-24,-0.32346495037476,-0.350533832109795,-0.375259565062318,0.097133655459547,0.101064862506182,-0.848641555575151
2023-12-01,-0.333843587915301,-0.361789788647567,-0.384591071501896,0.0884759874452539,0.0920245243925269,-0.845901796017625
2023-12-08,-0.34266360177284,-0.37045027229911,-0.392410066522049,0.0800734858614743,0.0787577824746032,-0.843344864715767
2023-12-15,-0.35158232839499,-0.380103500070968,-0.399684502478462,0.0717944406112553,0.0618332166214563,-0.840998428729228
2023-12-22,-0.360666807077617,-0.39227008438012,-0.40637540382199,0.0637160502824414,0.0421407639361882,-0.838883550151597
2023-12-29,-0.369021810120251,-0.406386424675262,-0.411701931352191,0.055852734205562,0.0207370587901044,-0.837015965780466
2024-01-05,-0.377552913439251,-0.421160072835959,-0.417424680204724,0.048567001843496,-0.0009317285551939,-0.835406675061234
2024-01-12,-0.385569297012893,-0.432418506588092,-0.422965545214182,0.0413458802127126,-0.0212918949793656,-0.834063807688913
2024-01-19,-0.392680779989378,-0.43952138475259,-0.428476514045679,0.0347699797666616,-0.0400751299350714,-0.832985329950787
2024-01-26,-0.398875234976888,-0.443223691703927,-0.433926273538779,0.0285277986327503,-0.0565094915527675,-0.832165410528236
2024-02-02,-0.405722695075537,-0.44616438143064,-0.440893767861013,0.0227225485881983,-0.0704877910710068,-0.831591101972752
2024-02-09,-0.412508281733152,-0.449101161613022,-0.4482819137117,0.0172958494702961,-0.0823060726991973,-0.831242635240752
2024-02-16,-0.420362509359917,-0.455748121949857,-0.456897955514921,0.0123346439956239,-0.0925028711630808,-0.831094448670539
2024-02-23,-0.428454150497761,-0.464982289150245,-0.465739650452919,0.0079779270313294,-0.10157456920231,-0.83111602159214
2024-03-01,-0.434776561058492,-0.475168310931709,-0.472316174513499,0.0041889611682667,-0.110266486080818,-0.831272547197472
2024-03-08,-0.438437116871128,-0.483610039748147,-0.475350207893271,0.001096822730387,-0.119528319403831,-0.831526582665472
2024-03-15,-0.43984788727958,-0.488063186687422,-0.475157359442238,-0.0010806525715689,-0.1301130278615,-0.831839113833754
2024-03-22,-0.437964559646409,-0.486658058028713,-0.470733257704668,-0.0024866638358371,-0.142004730562753,-0.832171242837081
2024-03-29,-0.433424426969325,-0.478953664444393,-0.462738571467085,-0.003344827969428,-0.154996827987655,-0.832486269831485
2024-04-05,-0.427949973000793,-0.466415613813998,-0.452910503206516,-0.0039511558443808,-0.168489079995377,-0.832753234386871
2024-04-12,-0.422049851519453,-0.452514201516807,-0.441744443760219,-0.0049077085879765,-0.181368802868494,-0.8329433613217
2024-04-19,-0.416918721350149,-0.440747234336302,-0.431007810705931,-0.0061459911409387,-0.192387476616361,-0.833040583081304
2024-04-26,-0.414742584563656,-0.434918180788213,-0.422515649289208,-0.0084470407499891,-0.199932136583688,-0.83303784955953
2024-05-03,-0.414576517834492,-0.433873202197974,-0.416432690958243,-0.0111397057283131,-0.202751552960796,-0.832938837883211
2024-05-10,-0.415282536384211,-0.435548763909708,-0.412299459306074,-0.0139199862575636,-0.199583990446221,-0.832758340923262
2024-05-17,-0.415603109834559,-0.435244681023114,-0.409677788566789,-0.0160389542358719,-0.190030003800325,-0.832520915919606
2024-05-24,-0.414939933030458,-0.429872361182331,-0.407508396410951,-0.0172786651577002,-0.174974553462479,-0.83225943860629
2024-05-31,-0.41141967923483,-0.417838351654173,-0.404307383580246,-0.0173851968882044,-0.154938927588678,-0.832013445860812
2024-06-07,-0.405708308876396,-0.401559104392416,-0.400263341592915,-0.0161048742602661,-0.132244840007028,-0.831827078734666
2024-06-14,-0.398520756539123,-0.386639608372419,-0.394821252705496,-0.0138932779849213,-0.109749449799949,-0.83174711755103
2024-06-21,-0.390790483138896,-0.375633044291277,-0.388699662453259,-0.0111460436649201,-0.0893707433467013,-0.83182047244216
2024-06-28,-0.384135201865303,-0.369389256943746,-0.381513367386993,-0.0081622928801556,-0.0757269412986567,-0.832090670321468
2024-07-05,-0.378830277494984,-0.367098699330809,-0.374909178886691,-0.0051388307185132,-0.068918855581883,-0.83259866099909
2024-07-12,-0.37338757772068,-0.364497842964259,-0.367593480418646,-0.0022035835960206,-0.0704221409224026,-0.833377646926681
2024-07-19,-0.368502998594785,-0.360392603673247,-0.360706882613346,0.0004488019247567,-0.0805229697285129,-0.834451571181522
2024-07-26,-0.364842005037808,-0.356544684870391,-0.35554696443648,0.0025205282059775,-0.0983355625406904,-0.835834614830356
2024-08-02,-0.362989480661445,-0.356054358264096,-0.353118340302539,0.0037416138612922,-0.122495940119105,-0.837528363761791
2024-08-09,-0.364171993273485,-0.361934650528805,-0.354238862477081,0.0038091483498774,-0.151877054197988,-0.839517400764512
2024-08-16,-0.372448669199813,-0.378111999538194,-0.361839335744339,0.0020114506137574,-0.184829418851861,-0.841768260245694
2024-08-23,-0.382749718652334,-0.398824420748356,-0.371386092413505,-0.0013819028968956,-0.218818445345182,-0.844227137682649
2024-08-30,-0.394275069037267,-0.420611282082384,-0.382012717861098,-0.0059898102750737,-0.251978378925681,-0.846817918900068
2024-09-06,-0.405535844710896,-0.44101762086379,-0.392317323186944,-0.0115349227335671,-0.282062312037879,-0.849442458898783
2024-09-13,-0.415440869488808,-0.455888925363141,-0.400644370509577,-0.0181998463136804,-0.307163592428559,-0.851979331763888
2024-09-20,-0.4234729934518,-0.466478453692684,-0.40624252341144,-0.0257743857510133,-0.326159805364711,-0.854285205296077
2024-09-27,-0.429777133794521,-0.474799286078551,-0.410265734197431,-0.0334939671686512,-0.33775154306905,-0.856201950922068
2024-10-04,-0.434051544279136,-0.482775150479779,-0.411827475663399,-0.0416269637997455,-0.34177915923575,-0.8575640789748
2024-10-11,-0.437315003344069,-0.489796461670084,-0.412924502969638,-0.0494800520147116,-0.338250965327689,-0.858186361815063
2024-10-18,-0.441798252667123,-0.49893441278757,-0.415873801184128,-0.0570979691750467,-0.327650077987661,-0.857914318963131
2024-10-25,-0.446404832534151,-0.507371558033515,-0.420413512464687,-0.0638009968525529,-0.311263649997859,-0.856604306826276
2024-11-01,-0.452470519641164,-0.516120691815402,-0.427645578550722,-0.0695716339234841,-0.291068031249523,-0.854139077210102
2024-11-08,-0.460435972344607,-0.525275905616579,-0.437831976412567,-0.0743850686881789,-0.269172808653808,-0.850438190813283
2024-11-15,-0.467861969325337,-0.532055926640664,-0.44858238369182,-0.0776994169262091,-0.248526487834731,-0.845460532393227
2024-11-22,-0.472915624032894,-0.534479413274978,-0.458068260087295,-0.0792266753385323,-0.231723533041998,-0.839206328465829
2024-11-29,-0.476335886512634,-0.533495799585142,-0.466711107681733,-0.0790413788634093,-0.221033714368103,-0.831720936878588
2024-12-06,-0.478662170142669,-0.529460089524358,-0.474261917869131,-0.0776337018982766,-0.218365913758702,-0.823092553539816
2024-12-13,-0.480216847736679,-0.524045035430339,-0.48091212737188,-0.07534635851785,-0.224516965998148,-0.813452516914761
2024-12-20,-0.481385935560251,-0.52024383738039,-0.486278387197465,-0.072782732966744,-0.239958071206239,-0.802973334649295
2024-12-27,-0.485422887302367,-0.521314413048782,-0.492593291216051,-0.0709661722256305,-0.263820656239242,-0.791857667524942
2025-01-03,-0.490175981862111,-0.525520596201267,-0.498396726288637,-0.0696490658244936,-0.294297492181109,-0.780320164807451
2025-01-10,-0.496328420003423,-0.53159414545487,-0.503838698594725,-0.0694228897165786,-0.328687260190099,-0.768614997369504
2025-01-17,-0.501655757196715,-0.534822333967708,-0.507568115323879,-0.0693111724557038,-0.364626342169951,-0.756961020864292
2025-01-24,-0.50669369312754,-0.533154909308213,-0.511201753734916,-0.0685912137720891,-0.398572018670063,-0.745566579204983
2025-01-31,-0.509666151877291,-0.525188325863184,-0.512596671224962,-0.0669518244781089,-0.42835368123,-0.734614355380867
2025-02-07,-0.508714406654172,-0.510213059182627,-0.510596375231575,-0.0635365331140242,-0.451823484085756,-0.724251525369285
2025-02-14,-0.504243272203428,-0.493630415322603,-0.505863072130329,-0.0577076614991216,-0.467890297508365,-0.714588320614748
2025-02-21,-0.494825280013001,-0.477574680045778,-0.497286690083466,-0.0492316237821461,-0.475980232750628,-0.705699485317994
2025-02-28,-0.481471932227112,-0.465074172139796,-0.485060926828157,-0.0385844755623146,-0.477127594846825,-0.697623235728306
2025-03-07,-0.464843456084612,-0.456061961038462,-0.470037185484033,-0.0265790800406053,-0.471701775305006,-0.690364822478104
2025-03-14,-0.446545317882798,-0.447295431850649,-0.453117957343629,-0.0141246122229334,-0.4621708894673,-0.683899333132852
2025-03-21,-0.428662062863703,-0.437090628249258,-0.436144031551501,-0.0024054438119324,-0.450532045688946,-0.678173580732456
2025-03-28,-0.411898207685821,-0.424264368010452,-0.419444171087638,0.0069516610082318,-0.438401770139602,-0.673114215756885
2025-04-04,-0.396922189742397,-0.409665205317905,-0.404650780803862,0.0137769324032059,-0.427740078485788,-0.668636755448035
2025-04-11,-0.386180260791118,-0.397962520695653,-0.394168287881461,0.017525086069529,-0.420468791081298,-0.66463631940793
2025-04-18,-0.386594033947332,-0.398566021868381,-0.393369433434199,0.0171342392438353,-0.418376790628896,-0.661010627438596
2025-04-25,-0.393089656106493,-0.408734025405409,-0.398811611970685,0.0134241029257151,-0.421131784076674,-0.657658597625283
2025-05-02,-0.406384728948334,-0.428403448255858,-0.410505902077338,0.0067236333090023,-0.429340749510546,-0.654481790782024
2025-05-09,-0.423586571929817,-0.451264963494147,-0.426177108145402,-0.0019380332938892,-0.442059335871684,-0.651389692258215
2025-05-16,-0.441039168111087,-0.471071295479386,-0.443049304337233,-0.0112391080559276,-0.457800449235827,-0.648301828739275
2025-05-23,-0.455699356374231,-0.482108842296794,-0.458762021590609,-0.0195510496305258,-0.475696230394232,-0.645148102406544
2025-05-30,-0.467600061253987,-0.486377189644778,-0.472594497873612,-0.0267788105493112,-0.494295715927283,-0.641869984471811
2025-06-06,-0.476796070149642,-0.486458602935852,-0.484827507032369,-0.0321550620696617,-0.512407098735086,-0.63842070150762
2025-06-13,-0.484311715716348,-0.487425492438874,-0.49550625122589,-0.0361459310840025,-0.528951799219782,-0.634764862549642
2025-06-20,-0.490767216337669,-0.49121371493018,-0.504659510449341,-0.039319288359601,-0.542670212567824,-0.63087894061416
2025-06-27,-0.497469942017405,-0.497565759932151,-0.513334813132959,-0.0420711069165225,-0.552637813040727,-0.626750077901154
2025-07-04,-0.504428188163261,-0.504749523906951,-0.521871286560778,-0.0444897725250053,-0.558126442066625,-0.622373563809576
2025-07-11,-0.51093666343756,-0.510015317455649,-0.529890948983598,-0.0466538201576181,-0.558629452979141,-0.617754253289154
2025-07-18,-0.515954144629225,-0.512065533791804,-0.537272286486574,-0.0486076776192097,-0.553164275644633,-0.612904048475232
2025-07-25,-0.520165150613941,-0.512906315008438,-0.543873959473942,-0.0504056839725593,-0.543157644576967,-0.607839834907964
2025-08-01,-0.523003271258668,-0.513216406326201,-0.549856435260003,-0.0516888140547764,-0.528761334457531,-0.602583153362559
2025-08-08,-0.524771466598475,-0.514766950095886,-0.554598066160134,-0.0527168839756347,-0.511206022126176,-0.597159296409952
2025-08-15,-0.527274164593456,-0.517948516376137,-0.559926814907572,-0.0530910398218125,-0.491543775051348,-0.59159586152817
2025-08-22,-0.528382544567584,-0.519752897046941,-0.564008568884056,-0.0524642574076322,-0.470250262555383,-0.585922035533956
2025-08-29,-0.529252809147345,-0.521656622218,-0.567658613373772,-0.0512701234986736,-0.447280759587691,-0.580167926865249
2025-09-05,-0.529310960063521,-0.524219272332131,-0.570620402984368,-0.0493408281370064,-0.42256192038967,-0.57436373775568
2025-09-12,-0.529405789617984,-0.528954417226677,-0.573360040741496,-0.0473263493905011,-0.395659632900857,-0.568539399580211
2025-09-19,-0.528125800118656,-0.53517147823208,-0.574666659963381,-0.0453317859544482,-0.366220568885114,-0.562723975529799
2025-09-26,-0.527082678431486,-0.543142138541599,-0.576048351635932,-0.0434128980765644,-0.334603350530163,-0.556944904185442
2025-10-03,-0.525682185229729,-0.551815885139074,-0.576896172332392,-0.0416026895415277,-0.301264781063091,-0.551227030418096
2025-10-10,-0.52341328980325,-0.556640172466837,-0.577209620316037,-0.0394362671662165,-0.266905232339207,-0.545594206923817
2025-10-17,-0.519641060929396,-0.557616341340715,-0.576566179715961,-0.0366672883960605,-0.232743153448578,-0.540064873358536
2025-10-24,-0.516322128356292,-0.556948762875495,-0.576722163693858,-0.0333397357917541,-0.200126071907222,-0.534654029243853
2025-10-31,-0.512621709317239,-0.555829792957861,-0.577240673229829,-0.029404398112464,-0.170111483080729,-0.529372546573354
2025-11-07,-0.509336692060352,-0.556580361595957,-0.578418634266757,-0.025060790699011,-0.14436780464151,-0.524226992212463
2025-11-14,-0.507604018708251,-0.557794431292318,-0.581568655251398,-0.0204566500679356,-0.123664073267963,-0.519219926746822
2025-11-21,-0.507152585395266,-0.558297372810257,-0.586328753081402,-0.0160954649373648,-0.108061734024635,-0.51435044846058
2025-11-28,-0.509019144157284,-0.558946798294006,-0.592897445580126,-0.0128221336809799,-0.0975493804770498,-0.509614539943329
2025-12-05,-0.51238933448371,-0.557221158647946,-0.600698361576557,-0.0108586001423004,-0.0910026508664332,-0.505005648918793
2025-12-12,-0.517383259285407,-0.555410769421499,-0.609168696587909,-0.0110031169802081,-0.0870364323441217,-0.500515252452852
2025-12-19,-0.52551611897902,-0.557661846789526,-0.61949256660712,-0.0134785096034942,-0.0841840196021352,-0.496133276818588
2025-12-26,-0.536092025417027,-0.565148987499729,-0.630730445047004,-0.0181176239300561,-0.0812464786619329,-0.491848791436708
