date,MP_pm,CBI_pm,MP_median,CBI_median,pc1,SP500
2012-01-25,-0.01802415,-0.0,-0.02694354,0.00891939,-0.01802415,0.30319
2012-03-13,0.0,0.00805751,0.00270337,0.00535414,0.00805751,0.02241
2012-04-25,0.0,0.0,0.00098177,-0.00098177,0.0,-0.0166
2012-06-20,0.01631926,0.0,0.009776,0.00654326,0.01631926,-0.02733
2012-08-01,0.01274371,0.0,0.01623685,-0.00349314,0.01274371,-0.1668
2012-09-13,0.0,0.01577163,-0.0282545,0.04402613,0.01577163,0.61107
2012-10-24,0.0,0.0,8.339e-05,-8.339e-05,0.0,-0.00141
2012-12-12,-0.00356494,-0.0,-0.02505452,0.02148958,-0.00356494,0.39349
2013-01-30,-0.0,-0.00338589,0.00286222,-0.00624811,-0.00338589,-0.07702
2013-03-20,0.0,0.00183907,-0.00553648,0.00737555,0.00183907,0.10916
2013-05-01,0.0,0.00112635,-0.00774815,0.0088745,0.00112635,0.14053
2013-06-19,0.00475918,0.0,0.00614461,-0.00138543,0.00475918,-0.06366
2013-07-31,-0.0,-0.00411828,-0.00013405,-0.00398423,-0.00411828,-0.03255
2013-09-18,-0.01518739,-0.0,-0.06719709,0.0520097,-0.01518739,1.00779
2013-10-30,0.00221336,0.0,0.01847807,-0.01626471,0.00221336,-0.29372
2013-12-18,0.0,0.00135158,-0.04424307,0.04559465,0.00135158,0.7595
2014-01-29,0.00327533,0.0,0.02547689,-0.02220156,0.00327533,-0.40308
2014-03-19,0.01611501,0.0,0.02016519,-0.00405018,0.01611501,-0.20472
2014-04-30,0.0,0.00110668,-0.00048461,0.00159129,0.00110668,0.01755
2014-06-18,0.0,0.00695083,-0.01532131,0.02227214,0.00695083,0.31782
2014-07-30,-0.00584415,-0.0,-0.02639344,0.02054929,-0.00584415,0.39686
2014-09-17,0.0,0.0137226,-0.00785221,0.02157481,0.0137226,0.24878
2014-10-29,0.0218359,0.0,0.02830176,-0.00646586,0.0218359,-0.29393
2014-12-17,-0.04968888,-0.0,-0.06868336,0.01899448,-0.04968888,0.74124
2015-01-28,-0.0,-0.00589892,0.01193557,-0.01783449,-0.00589892,-0.25168
2015-03-18,-0.06350085,-0.0,-0.11601336,0.05251251,-0.06350085,1.42474
2015-04-29,0.0,0.0,-0.00547425,0.00547425,0.0,0.09256
2015-06-17,-0.04185531,-0.0,-0.04060561,-0.0012497,-0.04185531,0.33272
2015-07-29,-0.00935432,-0.0,-0.01221075,0.00285643,-0.00935432,0.12738
2015-09-17,-0.07006399,-0.0,-0.04339063,-0.02667336,-0.07006399,0.14133
2015-10-28,0.03971968,0.0,0.05567073,-0.01595105,0.03971968,-0.6055
2015-12-16,0.0,0.02448184,0.00400708,0.02047476,0.02448184,0.13922
2016-01-27,-0.0,-0.02751435,0.00788727,-0.03540162,-0.02751435,-0.36597
2016-03-16,-0.08519224,-0.0,-0.05839254,-0.0267997,-0.08519224,0.26709
2016-04-27,0.0,0.01075061,-0.00910046,0.01985107,0.01075061,0.24476
2016-06-15,-0.0,-0.04285424,-0.01878522,-0.02406902,-0.04285424,-0.04467
2016-07-27,0.0,0.00514028,-0.00996101,0.01510129,0.00514028,0.21188
2016-09-21,-0.03527646,-0.0,-0.03499897,-0.00027749,-0.03527646,0.29354
2016-11-02,0.0,0.00331647,-0.00200211,0.00531858,0.00331647,0.06189
2016-12-14,0.03712366,0.0,0.03285011,0.00427355,0.03712366,-0.24159
2017-02-01,-0.02051911,-0.0,-0.01980932,-0.00070979,-0.02051911,0.16147
2017-03-15,-0.04693258,-0.0,-0.04013092,-0.00680166,-0.04693258,0.28177
2017-05-03,0.0,0.01381378,0.00462457,0.00918921,0.01381378,0.03859
2017-06-14,0.01913702,0.0,0.0119697,0.00716732,0.01913702,-0.0406
2017-07-26,-0.01319881,-0.0,-0.00784022,-0.00535859,-0.01319881,0.02098
2017-09-20,0.04200895,0.0,0.02964818,0.01236077,0.04200895,-0.14615
2017-11-01,0.0,0.00182186,-0.00415819,0.00598005,0.00182186,0.08571
2017-12-13,-0.00584415,-0.0,-0.00740095,0.0015568,-0.00584415,0.07573
2018-01-31,0.00513021,0.0,0.00869288,-0.00356267,0.00513021,-0.10361
2018-03-21,-0.00152057,-0.0,-0.02133602,0.01981545,-0.00152057,0.3479
2018-05-02,-0.00520895,-0.0,-0.01105005,0.0058411,-0.00520895,0.1428
2018-06-13,0.01793146,0.0,0.01696951,0.00096195,0.01793146,-0.13533
2018-08-01,-0.00297867,-0.0,-0.00275144,-0.00022723,-0.00297867,0.02134
2018-09-26,0.0,0.001063,-0.01284894,0.01391194,0.001063,0.22624
2018-11-08,0.0,0.00416709,-0.00350011,0.0076672,0.00416709,0.09441
2018-12-19,0.02319353,0.0,0.06726481,-0.04407128,0.02319353,-0.94125
2019-01-30,-0.02494451,-0.0,-0.05823863,0.03329412,-0.02494451,0.77383
2019-03-20,-0.03277562,-0.0,-0.04631341,0.01353779,-0.03277562,0.50599
2019-05-01,-0.04719874,-0.0,-0.03570942,-0.01148932,-0.04719874,0.20476
2019-06-19,-0.06827621,-0.0,-0.04819454,-0.02008167,-0.06827621,0.23767
2019-07-31,0.04801467,0.0,0.0321365,0.01587817,0.04801467,-0.13745
2019-09-18,0.03148517,0.0,0.03783711,-0.00635194,0.03148517,-0.37358
2019-10-11,-0.0020114,-0.0,-0.01281176,0.01080036,-0.0020114,0.19962
2019-10-30,0.0,0.01361875,-0.00203778,0.01565653,0.01361875,0.14959
2019-12-11,-0.00362073,-0.0,-0.01172623,0.0081055,-0.00362073,0.16766
2020-01-29,0.0,0.00889675,0.00277641,0.00612034,0.00889675,0.02827
2020-03-03,-0.16491989,-0.0,-0.12101387,-0.04390602,-0.16491989,0.65188
2020-03-15,-0.0,-0.0,,,-0.03063927,
2020-04-29,-0.0,-0.01422855,0.00405068,-0.01827923,-0.01422855,-0.18878
2020-06-10,-0.00227921,-0.0,-0.03618637,0.03390716,-0.00227921,0.59258
2020-07-29,-0.0041468,-0.0,-0.0061501,0.0020033,-0.0041468,0.06893
2020-09-16,-0.00094649,-0.0,-0.02449582,0.02354933,-0.00094649,0.40618
2020-11-05,-0.00110668,-0.0,-0.00257011,0.00146343,-0.00110668,0.0341
2020-12-16,0.00025959,0.0,0.00973279,-0.0094732,0.00025959,-0.16237
2021-01-27,0.00178298,0.0,0.0210899,-0.01930692,0.00178298,-0.34152
2021-03-17,-0.00816395,-0.0,-0.03571443,0.02755048,-0.00816395,0.53485
2021-04-28,-0.00450365,-0.0,-0.00565549,0.00115184,-0.00450365,0.05755
2021-06-16,0.02260112,0.0,0.04056258,-0.01796146,0.02260112,-0.49477
2021-07-28,0.0,0.00221336,-0.00977912,0.01199248,0.00221336,0.18406
2021-09-22,0.0,0.0,-0.02207027,0.02207027,0.0,0.37317
2021-11-03,0.0,0.00596157,-0.01084204,0.01680361,0.00596157,0.23372
2021-12-15,0.0,0.03552127,-0.01892616,0.05444743,0.03552127,0.62031
2022-01-26,-0.0,-0.00795803,0.00874257,-0.0167006,-0.00795803,-0.2151
2022-03-16,0.09831256,0.0,0.09337312,0.00493944,0.09831256,-0.74763
2022-05-04,-0.0,-0.03187379,-0.00708619,-0.0247876,-0.03187379,-0.14965
2022-06-15,0.0764084,0.0,0.04562897,0.03077943,0.0764084,-0.12554
2022-07-27,-0.00573564,-0.0,-0.00587286,0.00013722,-0.00573564,0.05081
2022-09-21,0.09164352,0.0,0.12578561,-0.03414209,0.09164352,-1.35205
2022-11-02,-0.07652252,-0.0,-0.07990243,0.00337991,-0.07652252,0.70408
2022-12-14,0.08745958,0.0,0.11144638,-0.0239868,0.08745958,-1.14497
2023-02-01,0.0,0.01037026,-0.00294462,0.01331488,0.01037026,0.13746
2023-03-22,-0.02787335,-0.0,-0.03080003,0.00292668,-0.02787335,0.28513
2023-05-03,0.0,0.01850483,0.00227003,0.0162348,0.01850483,0.11806
2023-06-14,0.05250713,0.0,0.06760967,-0.01510254,0.05250713,-0.69926
2023-07-26,0.0,0.00397215,-0.00328235,0.0072545,0.00397215,0.08908
2023-09-20,0.05132388,0.0,0.03574754,0.01557634,0.05132388,-0.17053
2023-11-01,-0.013891,-0.0,-0.00769011,-0.00620089,-0.013891,0.01259
2023-12-13,-0.05166427,-0.0,-0.06499937,0.0133351,-0.05166427,0.66225
2024-01-31,0.02135303,0.0,0.02877122,-0.00741819,0.02135303,-0.30595
